date,asin,keyword,ad_Spend,ad_clicks,ad_Orders
02/01/2025,B07X1KS7PF,insulated water bottle,10.56,27.0,3.0
02/02/2025,B07X1KS7PF,insulated water bottle,12.11,28.0,
02/03/2025,B07X1KS7PF,insulated water bottle,9.89,28.0,
02/04/2025,B07X1KS7PF,insulated water bottle,,21.0,2.0
02/05/2025,B07X1KS7PF,insulated water bottle,10.35,26.0,2.0
02/06/2025,B07X1KS7PF,insulated water bottle,10.76,23.0,
02/07/2025,B07X1KS7PF,insulated water bottle,9.99,21.0,3.0
02/08/2025,B07X1KS7PF,insulated water bottle,12.38,19.0,2.0
02/09/2025,B07X1KS7PF,insulated water bottle,11.72,25.0,3.0
02/10/2025,B07X1KS7PF,insulated water bottle,11.19,18.0,3.0
02/11/2025,B07X1KS7PF,insulated water bottle,,16.0,2.0
02/12/2025,B07X1KS7PF,insulated water bottle,9.86,17.0,2.0
02/13/2025,B07X1KS7PF,insulated water bottle,11.74,21.0,2.0
02/14/2025,B07X1KS7PF,insulated water bottle,11.34,18.0,2.0
02/15/2025,B07X1KS7PF,insulated water bottle,12.45,21.0,2.0
02/16/2025,B07X1KS7PF,insulated water bottle,12.62,16.0,2.0
02/17/2025,B07X1KS7PF,insulated water bottle,12.44,16.0,1.0
02/18/2025,B07X1KS7PF,insulated water bottle,10.88,19.0,2.0
02/19/2025,B07X1KS7PF,insulated water bottle,12.21,13.0,1.0
02/20/2025,B07X1KS7PF,insulated water bottle,11.38,14.0,2.0
02/21/2025,B07X1KS7PF,insulated water bottle,11.88,,1.0
02/23/2025,B07X1KS7PF,insulated water bottle,13.63,19.0,1.0
02/24/2025,B07X1KS7PF,insulated water bottle,12.63,11.0,1.0
02/26/2025,B07X1KS7PF,insulated water bottle,12.5,15.0,2.0
02/27/2025,B07X1KS7PF,insulated water bottle,14.22,12.0,1.0
02/28/2025,B07X1KS7PF,insulated water bottle,12.85,13.0,2.0
03/01/2025,B07X1KS7PF,insulated water bottle,16.81,11.0,1.0
03/02/2025,B07X1KS7PF,insulated water bottle,16.62,13.0,2.0
03/03/2025,B07X1KS7PF,insulated water bottle,13.11,9.0,1.0
03/04/2025,B07X1KS7PF,insulated water bottle,13.64,11.0,1.0
03/05/2025,B07X1KS7PF,insulated water bottle,14.85,9.0,1.0
03/06/2025,B07X1KS7PF,insulated water bottle,14.81,12.0,1.0
03/08/2025,B07X1KS7PF,insulated water bottle,18.66,,2.0
03/09/2025,B07X1KS7PF,insulated water bottle,15.44,11.0,1.0
03/10/2025,B07X1KS7PF,insulated water bottle,14.62,11.0,1.0
03/11/2025,B07X1KS7PF,insulated water bottle,15.07,10.0,1.0
03/12/2025,B07X1KS7PF,insulated water bottle,15.32,10.0,1.0
03/13/2025,B07X1KS7PF,insulated water bottle,15.47,8.0,1.0
03/14/2025,B07X1KS7PF,insulated water bottle,16.55,9.0,1.0
03/15/2025,B07X1KS7PF,insulated water bottle,16.68,11.0,1.0
03/16/2025,B07X1KS7PF,insulated water bottle,17.41,9.0,1.0
03/17/2025,B07X1KS7PF,insulated water bottle,16.37,9.0,1.0
03/19/2025,B07X1KS7PF,insulated water bottle,18.53,7.0,
03/20/2025,B07X1KS7PF,insulated water bottle,15.54,8.0,1.0
03/21/2025,B07X1KS7PF,insulated water bottle,16.07,9.0,1.0
03/22/2025,B07X1KS7PF,insulated water bottle,22.46,10.0,1.0
03/23/2025,B07X1KS7PF,insulated water bottle,19.55,8.0,1.0
03/24/2025,B07X1KS7PF,insulated water bottle,16.99,5.0,1.0
03/25/2025,B07X1KS7PF,insulated water bottle,18.54,6.0,1.0
03/26/2025,B07X1KS7PF,insulated water bottle,19.03,6.0,1.0
03/27/2025,B07X1KS7PF,insulated water bottle,19.27,6.0,1.0
03/28/2025,B07X1KS7PF,insulated water bottle,17.3,6.0,1.0
03/29/2025,B07X1KS7PF,insulated water bottle,24.78,6.0,1.0
03/30/2025,B07X1KS7PF,insulated water bottle,20.83,8.0,1.0
03/31/2025,B07X1KS7PF,insulated water bottle,20.16,5.0,1.0
04/01/2025,B07X1KS7PF,insulated water bottle,19.61,6.0,1.0
04/02/2025,B07X1KS7PF,insulated water bottle,22.28,5.0,1.0
04/03/2025,B07X1KS7PF,insulated water bottle,22.47,5.0,0.0
04/04/2025,B07X1KS7PF,insulated water bottle,22.31,6.0,0.0
04/05/2025,B07X1KS7PF,insulated water bottle,23.34,5.0,1.0
04/06/2025,B07X1KS7PF,insulated water bottle,23.42,4.0,1.0
04/08/2025,B07X1KS7PF,insulated water bottle,,5.0,0.0
04/09/2025,B07X1KS7PF,insulated water bottle,22.85,4.0,0.0
04/10/2025,B07X1KS7PF,insulated water bottle,23.94,5.0,1.0
04/11/2025,B07X1KS7PF,insulated water bottle,23.86,4.0,
04/12/2025,B07X1KS7PF,insulated water bottle,23.63,5.0,1.0
04/13/2025,B07X1KS7PF,insulated water bottle,25.91,4.0,1.0
04/14/2025,B07X1KS7PF,insulated water bottle,22.71,4.0,1.0
04/15/2025,B07X1KS7PF,insulated water bottle,23.2,4.0,0.0
04/16/2025,B07X1KS7PF,insulated water bottle,24.88,3.0,1.0
04/17/2025,B07X1KS7PF,insulated water bottle,24.7,3.0,0.0
04/18/2025,B07X1KS7PF,insulated water bottle,25.92,3.0,1.0
04/19/2025,B07X1KS7PF,insulated water bottle,30.14,3.0,0.0
04/20/2025,B07X1KS7PF,insulated water bottle,29.8,,1.0
04/21/2025,B07X1KS7PF,insulated water bottle,23.73,4.0,0.0
04/22/2025,B07X1KS7PF,insulated water bottle,25.37,3.0,0.0
04/23/2025,B07X1KS7PF,insulated water bottle,25.69,3.0,1.0
04/24/2025,B07X1KS7PF,insulated water bottle,26.37,4.0,0.0
04/25/2025,B07X1KS7PF,insulated water bottle,26.77,3.0,
04/26/2025,B07X1KS7PF,insulated water bottle,33.2,2.0,0.0
04/27/2025,B07X1KS7PF,insulated water bottle,33.18,3.0,0.0
04/28/2025,B07X1KS7PF,insulated water bottle,29.24,3.0,0.0
04/29/2025,B07X1KS7PF,insulated water bottle,29.14,2.0,0.0
04/30/2025,B07X1KS7PF,insulated water bottle,30.56,3.0,0.0
02/01/2025,B07X1KS7PF,stainless steel bottle,31.02,9.0,0.0
02/02/2025,B07X1KS7PF,stainless steel bottle,31.27,9.0,0.0
02/04/2025,B07X1KS7PF,stainless steel bottle,28.09,10.0,0.0
02/05/2025,B07X1KS7PF,stainless steel bottle,26.67,8.0,1.0
02/06/2025,B07X1KS7PF,stainless steel bottle,27.98,7.0,1.0
02/07/2025,B07X1KS7PF,stainless steel bottle,29.21,8.0,0.0
02/08/2025,B07X1KS7PF,stainless steel bottle,34.05,11.0,0.0
02/09/2025,B07X1KS7PF,stainless steel bottle,38.8,11.0,0.0
02/10/2025,B07X1KS7PF,stainless steel bottle,33.24,11.0,0.0
02/11/2025,B07X1KS7PF,stainless steel bottle,28.33,11.0,0.0
02/12/2025,B07X1KS7PF,stainless steel bottle,31.56,11.0,0.0
02/13/2025,B07X1KS7PF,stainless steel bottle,29.79,12.0,0.0
02/14/2025,B07X1KS7PF,stainless steel bottle,30.78,10.0,0.0
02/15/2025,B07X1KS7PF,stainless steel bottle,35.96,13.0,0.0
02/16/2025,B07X1KS7PF,stainless steel bottle,38.87,14.0,0.0
02/17/2025,B07X1KS7PF,stainless steel bottle,34.6,11.0,0.0
02/18/2025,B07X1KS7PF,stainless steel bottle,36.04,14.0,0.0
02/19/2025,B07X1KS7PF,stainless steel bottle,33.91,15.0,0.0
02/20/2025,B07X1KS7PF,stainless steel bottle,31.37,16.0,0.0
02/21/2025,B07X1KS7PF,stainless steel bottle,31.47,14.0,0.0
02/22/2025,B07X1KS7PF,stainless steel bottle,41.26,,0.0
02/23/2025,B07X1KS7PF,stainless steel bottle,44.05,19.0,0.0
02/24/2025,B07X1KS7PF,stainless steel bottle,34.96,16.0,0.0
02/25/2025,B07X1KS7PF,stainless steel bottle,33.07,16.0,0.0
02/28/2025,B07X1KS7PF,stainless steel bottle,39.59,15.0,0.0
03/01/2025,B07X1KS7PF,stainless steel bottle,45.02,20.0,0.0
03/02/2025,B07X1KS7PF,stainless steel bottle,42.7,18.0,0.0
03/03/2025,B07X1KS7PF,stainless steel bottle,39.43,21.0,0.0
03/04/2025,B07X1KS7PF,stainless steel bottle,40.06,17.0,0.0
03/05/2025,B07X1KS7PF,stainless steel bottle,36.25,17.0,0.0
03/06/2025,B07X1KS7PF,stainless steel bottle,36.45,16.0,0.0
03/07/2025,B07X1KS7PF,stainless steel bottle,37.27,24.0,0.0
03/08/2025,B07X1KS7PF,stainless steel bottle,44.81,27.0,0.0
03/09/2025,B07X1KS7PF,stainless steel bottle,46.99,24.0,0.0
03/10/2025,B07X1KS7PF,stainless steel bottle,37.74,18.0,0.0
03/11/2025,B07X1KS7PF,stainless steel bottle,39.73,26.0,0.0
03/12/2025,B07X1KS7PF,stainless steel bottle,43.07,25.0,0.0
03/13/2025,B07X1KS7PF,stainless steel bottle,39.44,23.0,0.0
03/14/2025,B07X1KS7PF,stainless steel bottle,37.47,,0.0
03/15/2025,B07X1KS7PF,stainless steel bottle,46.97,22.0,0.0
03/16/2025,B07X1KS7PF,stainless steel bottle,50.64,29.0,0.0
03/17/2025,B07X1KS7PF,stainless steel bottle,39.62,25.0,0.0
03/18/2025,B07X1KS7PF,stainless steel bottle,45.5,28.0,0.0
03/19/2025,B07X1KS7PF,stainless steel bottle,45.86,23.0,0.0
03/20/2025,B07X1KS7PF,stainless steel bottle,45.19,29.0,0.0
03/21/2025,B07X1KS7PF,stainless steel bottle,41.18,31.0,0.0
03/22/2025,B07X1KS7PF,stainless steel bottle,54.94,34.0,0.0
03/23/2025,B07X1KS7PF,stainless steel bottle,53.6,33.0,0.0
03/24/2025,B07X1KS7PF,stainless steel bottle,42.26,37.0,0.0
03/25/2025,B07X1KS7PF,stainless steel bottle,44.45,34.0,0.0
03/26/2025,B07X1KS7PF,stainless steel bottle,42.11,39.0,0.0
03/27/2025,B07X1KS7PF,stainless steel bottle,50.3,30.0,0.0
03/28/2025,B07X1KS7PF,stainless steel bottle,47.84,38.0,0.0
03/29/2025,B07X1KS7PF,stainless steel bottle,52.95,50.0,0.0
03/30/2025,B07X1KS7PF,stainless steel bottle,57.08,39.0,0.0
03/31/2025,B07X1KS7PF,stainless steel bottle,53.59,42.0,0.0
04/01/2025,B07X1KS7PF,stainless steel bottle,44.6,40.0,0.0
04/02/2025,B07X1KS7PF,stainless steel bottle,49.12,49.0,0.0
04/03/2025,B07X1KS7PF,stainless steel bottle,46.1,,0.0
04/04/2025,B07X1KS7PF,stainless steel bottle,55.27,48.0,0.0
04/05/2025,B07X1KS7PF,stainless steel bottle,56.84,57.0,0.0
04/06/2025,B07X1KS7PF,stainless steel bottle,57.7,47.0,0.0
04/07/2025,B07X1KS7PF,stainless steel bottle,50.61,47.0,0.0
04/08/2025,B07X1KS7PF,stainless steel bottle,50.27,46.0,0.0
04/09/2025,B07X1KS7PF,stainless steel bottle,48.71,43.0,0.0
04/10/2025,B07X1KS7PF,stainless steel bottle,54.78,56.0,0.0
04/12/2025,B07X1KS7PF,stainless steel bottle,60.38,69.0,0.0
04/13/2025,B07X1KS7PF,stainless steel bottle,71.9,57.0,0.0
04/14/2025,B07X1KS7PF,stainless steel bottle,58.02,64.0,
04/15/2025,B07X1KS7PF,stainless steel bottle,55.75,73.0,0.0
04/16/2025,B07X1KS7PF,stainless steel bottle,58.8,,0.0
04/17/2025,B07X1KS7PF,stainless steel bottle,61.86,54.0,0.0
04/18/2025,B07X1KS7PF,stainless steel bottle,58.07,65.0,0.0
04/19/2025,B07X1KS7PF,stainless steel bottle,70.47,88.0,0.0
04/21/2025,B07X1KS7PF,stainless steel bottle,53.82,61.0,0.0
04/22/2025,B07X1KS7PF,stainless steel bottle,56.73,78.0,0.0
04/23/2025,B07X1KS7PF,stainless steel bottle,65.4,74.0,0.0
04/24/2025,B07X1KS7PF,stainless steel bottle,60.05,80.0,0.0
04/25/2025,B07X1KS7PF,stainless steel bottle,65.23,79.0,0.0
04/26/2025,B07X1KS7PF,stainless steel bottle,73.97,115.0,0.0
04/27/2025,B07X1KS7PF,stainless steel bottle,74.97,101.0,0.0
04/28/2025,B07X1KS7PF,stainless steel bottle,64.92,78.0,0.0
04/29/2025,B07X1KS7PF,stainless steel bottle,58.2,81.0,0.0
05/01/2025,B07X1KS7PF,stainless steel bottle,71.04,82.0,0.0
02/01/2025,B08JTPXKY3,eco friendly bottle,31.19,4.0,3.0
02/02/2025,B08JTPXKY3,eco friendly bottle,28.22,4.0,2.0
02/03/2025,B08JTPXKY3,eco friendly bottle,26.12,5.0,3.0
02/04/2025,B08JTPXKY3,eco friendly bottle,26.0,3.0,2.0
02/05/2025,B08JTPXKY3,eco friendly bottle,28.09,4.0,3.0
02/06/2025,B08JTPXKY3,eco friendly bottle,29.34,4.0,3.0
02/07/2025,B08JTPXKY3,eco friendly bottle,26.96,4.0,3.0
02/08/2025,B08JTPXKY3,eco friendly bottle,32.57,5.0,2.0
02/09/2025,B08JTPXKY3,eco friendly bottle,33.36,5.0,3.0
02/10/2025,B08JTPXKY3,eco friendly bottle,28.75,5.0,2.0
02/11/2025,B08JTPXKY3,eco friendly bottle,30.21,3.0,3.0
02/12/2025,B08JTPXKY3,eco friendly bottle,32.89,4.0,4.0
02/13/2025,B08JTPXKY3,eco friendly bottle,32.41,5.0,3.0
02/14/2025,B08JTPXKY3,eco friendly bottle,32.0,5.0,3.0
02/15/2025,B08JTPXKY3,eco friendly bottle,35.26,5.0,3.0
02/16/2025,B08JTPXKY3,eco friendly bottle,35.11,4.0,2.0
02/17/2025,B08JTPXKY3,eco friendly bottle,29.72,,3.0
02/18/2025,B08JTPXKY3,eco friendly bottle,36.01,4.0,3.0
02/19/2025,B08JTPXKY3,eco friendly bottle,35.06,3.0,2.0
02/20/2025,B08JTPXKY3,eco friendly bottle,38.07,4.0,2.0
02/21/2025,B08JTPXKY3,eco friendly bottle,34.32,3.0,2.0
02/22/2025,B08JTPXKY3,eco friendly bottle,41.44,,2.0
02/23/2025,B08JTPXKY3,eco friendly bottle,42.59,3.0,3.0
02/24/2025,B08JTPXKY3,eco friendly bottle,34.38,4.0,3.0
02/25/2025,B08JTPXKY3,eco friendly bottle,35.37,5.0,3.0
02/26/2025,B08JTPXKY3,eco friendly bottle,39.05,4.0,4.0
02/27/2025,B08JTPXKY3,eco friendly bottle,36.28,4.0,3.0
02/28/2025,B08JTPXKY3,eco friendly bottle,38.15,4.0,2.0
03/01/2025,B08JTPXKY3,eco friendly bottle,47.19,3.0,2.0
03/02/2025,B08JTPXKY3,eco friendly bottle,46.69,4.0,2.0
03/03/2025,B08JTPXKY3,eco friendly bottle,43.3,4.0,3.0
03/04/2025,B08JTPXKY3,eco friendly bottle,45.05,4.0,3.0
03/05/2025,B08JTPXKY3,eco friendly bottle,44.82,4.0,
03/06/2025,B08JTPXKY3,eco friendly bottle,43.09,5.0,3.0
03/07/2025,B08JTPXKY3,eco friendly bottle,47.11,4.0,2.0
03/08/2025,B08JTPXKY3,eco friendly bottle,52.58,4.0,2.0
03/09/2025,B08JTPXKY3,eco friendly bottle,58.16,5.0,3.0
03/10/2025,B08JTPXKY3,eco friendly bottle,45.18,5.0,4.0
03/11/2025,B08JTPXKY3,eco friendly bottle,43.05,3.0,
03/12/2025,B08JTPXKY3,eco friendly bottle,49.7,4.0,2.0
03/13/2025,B08JTPXKY3,eco friendly bottle,49.94,4.0,4.0
03/14/2025,B08JTPXKY3,eco friendly bottle,55.08,4.0,3.0
03/15/2025,B08JTPXKY3,eco friendly bottle,57.55,4.0,4.0
03/16/2025,B08JTPXKY3,eco friendly bottle,66.62,4.0,4.0
03/17/2025,B08JTPXKY3,eco friendly bottle,54.63,4.0,4.0
03/18/2025,B08JTPXKY3,eco friendly bottle,55.7,4.0,3.0
03/19/2025,B08JTPXKY3,eco friendly bottle,56.05,4.0,2.0
03/20/2025,B08JTPXKY3,eco friendly bottle,,4.0,2.0
03/21/2025,B08JTPXKY3,eco friendly bottle,58.68,4.0,4.0
03/22/2025,B08JTPXKY3,eco friendly bottle,66.26,4.0,2.0
03/23/2025,B08JTPXKY3,eco friendly bottle,64.74,3.0,2.0
03/24/2025,B08JTPXKY3,eco friendly bottle,61.24,3.0,3.0
03/25/2025,B08JTPXKY3,eco friendly bottle,63.23,3.0,3.0
03/27/2025,B08JTPXKY3,eco friendly bottle,63.96,4.0,3.0
03/28/2025,B08JTPXKY3,eco friendly bottle,61.4,3.0,3.0
03/29/2025,B08JTPXKY3,eco friendly bottle,77.74,3.0,3.0
03/30/2025,B08JTPXKY3,eco friendly bottle,72.35,3.0,2.0
03/31/2025,B08JTPXKY3,eco friendly bottle,70.76,3.0,3.0
04/01/2025,B08JTPXKY3,eco friendly bottle,,3.0,3.0
04/02/2025,B08JTPXKY3,eco friendly bottle,74.57,4.0,2.0
04/03/2025,B08JTPXKY3,eco friendly bottle,64.6,4.0,4.0
04/04/2025,B08JTPXKY3,eco friendly bottle,71.13,4.0,3.0
04/06/2025,B08JTPXKY3,eco friendly bottle,90.52,3.0,3.0
04/07/2025,B08JTPXKY3,eco friendly bottle,72.84,4.0,4.0
04/08/2025,B08JTPXKY3,eco friendly bottle,69.46,3.0,3.0
04/09/2025,B08JTPXKY3,eco friendly bottle,70.18,4.0,3.0
04/10/2025,B08JTPXKY3,eco friendly bottle,81.99,4.0,2.0
04/11/2025,B08JTPXKY3,eco friendly bottle,83.56,3.0,3.0
04/12/2025,B08JTPXKY3,eco friendly bottle,100.08,3.0,3.0
04/13/2025,B08JTPXKY3,eco friendly bottle,103.3,3.0,2.0
04/14/2025,B08JTPXKY3,eco friendly bottle,91.35,4.0,3.0
04/15/2025,B08JTPXKY3,eco friendly bottle,90.88,3.0,3.0
04/16/2025,B08JTPXKY3,eco friendly bottle,91.44,3.0,3.0
04/18/2025,B08JTPXKY3,eco friendly bottle,90.79,3.0,3.0
04/19/2025,B08JTPXKY3,eco friendly bottle,105.37,3.0,3.0
04/20/2025,B08JTPXKY3,eco friendly bottle,102.88,4.0,4.0
04/22/2025,B08JTPXKY3,eco friendly bottle,100.64,3.0,3.0
04/23/2025,B08JTPXKY3,eco friendly bottle,106.93,3.0,3.0
04/24/2025,B08JTPXKY3,eco friendly bottle,105.3,3.0,3.0
04/25/2025,B08JTPXKY3,eco friendly bottle,101.09,4.0,3.0
04/26/2025,B08JTPXKY3,eco friendly bottle,130.66,4.0,4.0
04/27/2025,B08JTPXKY3,eco friendly bottle,132.31,4.0,3.0
04/28/2025,B08JTPXKY3,eco friendly bottle,108.48,3.0,3.0
04/29/2025,B08JTPXKY3,eco friendly bottle,116.12,4.0,3.0
04/30/2025,B08JTPXKY3,eco friendly bottle,109.15,3.0,3.0
05/01/2025,B08JTPXKY3,eco friendly bottle,108.78,3.0,2.0
02/01/2025,B09QFZN5RW,premium water bottle,22.45,29.0,3.0
02/02/2025,B09QFZN5RW,premium water bottle,23.82,29.0,2.0
02/03/2025,B09QFZN5RW,premium water bottle,,28.0,3.0
02/04/2025,B09QFZN5RW,premium water bottle,23.17,27.0,2.0
02/05/2025,B09QFZN5RW,premium water bottle,21.15,24.0,2.0
02/06/2025,B09QFZN5RW,premium water bottle,21.82,27.0,2.0
02/07/2025,B09QFZN5RW,premium water bottle,24.5,32.0,4.0
02/08/2025,B09QFZN5RW,premium water bottle,28.44,35.0,4.0
02/09/2025,B09QFZN5RW,premium water bottle,30.66,40.0,4.0
02/10/2025,B09QFZN5RW,premium water bottle,26.34,30.0,4.0
02/11/2025,B09QFZN5RW,premium water bottle,23.96,34.0,2.0
02/13/2025,B09QFZN5RW,premium water bottle,23.2,44.0,4.0
02/14/2025,B09QFZN5RW,premium water bottle,25.85,46.0,3.0
02/15/2025,B09QFZN5RW,premium water bottle,26.41,38.0,3.0
02/16/2025,B09QFZN5RW,premium water bottle,30.64,51.0,5.0
02/17/2025,B09QFZN5RW,premium water bottle,25.27,,5.0
02/18/2025,B09QFZN5RW,premium water bottle,26.17,36.0,3.0
02/19/2025,B09QFZN5RW,premium water bottle,25.87,47.0,3.0
02/20/2025,B09QFZN5RW,premium water bottle,29.54,52.0,4.0
02/21/2025,B09QFZN5RW,premium water bottle,,44.0,3.0
02/22/2025,B09QFZN5RW,premium water bottle,34.4,57.0,3.0
02/23/2025,B09QFZN5RW,premium water bottle,30.14,45.0,5.0
02/24/2025,B09QFZN5RW,premium water bottle,27.86,54.0,5.0
02/25/2025,B09QFZN5RW,premium water bottle,31.78,47.0,4.0
02/26/2025,B09QFZN5RW,premium water bottle,27.4,58.0,5.0
02/27/2025,B09QFZN5RW,premium water bottle,33.26,45.0,4.0
02/28/2025,B09QFZN5RW,premium water bottle,33.86,55.0,6.0
03/01/2025,B09QFZN5RW,premium water bottle,34.7,57.0,4.0
03/02/2025,B09QFZN5RW,premium water bottle,36.19,77.0,4.0
03/03/2025,B09QFZN5RW,premium water bottle,29.4,61.0,5.0
03/04/2025,B09QFZN5RW,premium water bottle,30.08,58.0,4.0
03/05/2025,B09QFZN5RW,premium water bottle,32.84,,6.0
03/06/2025,B09QFZN5RW,premium water bottle,31.03,74.0,6.0
03/07/2025,B09QFZN5RW,premium water bottle,34.46,62.0,8.0
03/08/2025,B09QFZN5RW,premium water bottle,40.97,90.0,7.0
03/09/2025,B09QFZN5RW,premium water bottle,42.51,81.0,5.0
03/10/2025,B09QFZN5RW,premium water bottle,33.39,73.0,6.0
03/11/2025,B09QFZN5RW,premium water bottle,32.95,88.0,6.0
03/12/2025,B09QFZN5RW,premium water bottle,38.61,67.0,7.0
03/13/2025,B09QFZN5RW,premium water bottle,38.76,86.0,6.0
03/14/2025,B09QFZN5RW,premium water bottle,35.05,77.0,5.0
03/15/2025,B09QFZN5RW,premium water bottle,46.87,87.0,6.0
03/16/2025,B09QFZN5RW,premium water bottle,44.64,83.0,10.0
03/17/2025,B09QFZN5RW,premium water bottle,40.75,,8.0
03/18/2025,B09QFZN5RW,premium water bottle,41.41,83.0,10.0
03/19/2025,B09QFZN5RW,premium water bottle,36.68,91.0,10.0
03/20/2025,B09QFZN5RW,premium water bottle,38.63,,11.0
03/21/2025,B09QFZN5RW,premium water bottle,44.51,83.0,7.0
03/22/2025,B09QFZN5RW,premium water bottle,47.8,115.0,8.0
03/23/2025,B09QFZN5RW,premium water bottle,50.49,102.0,7.0
03/24/2025,B09QFZN5RW,premium water bottle,39.17,103.0,10.0
03/25/2025,B09QFZN5RW,premium water bottle,41.69,128.0,12.0
03/26/2025,B09QFZN5RW,premium water bottle,43.61,102.0,11.0
03/27/2025,B09QFZN5RW,premium water bottle,47.94,112.0,8.0
03/28/2025,B09QFZN5RW,premium water bottle,47.21,109.0,7.0
03/29/2025,B09QFZN5RW,premium water bottle,59.23,169.0,14.0
03/30/2025,B09QFZN5RW,premium water bottle,54.44,141.0,11.0
03/31/2025,B09QFZN5RW,premium water bottle,49.38,146.0,11.0
04/02/2025,B09QFZN5RW,premium water bottle,44.41,158.0,15.0
04/03/2025,B09QFZN5RW,premium water bottle,52.23,126.0,14.0
04/04/2025,B09QFZN5RW,premium water bottle,55.1,154.0,14.0
04/05/2025,B09QFZN5RW,premium water bottle,60.13,176.0,15.0
04/06/2025,B09QFZN5RW,premium water bottle,63.06,152.0,14.0
04/07/2025,B09QFZN5RW,premium water bottle,56.08,128.0,15.0
04/08/2025,B09QFZN5RW,premium water bottle,,149.0,13.0
04/09/2025,B09QFZN5RW,premium water bottle,48.8,173.0,13.0
04/10/2025,B09QFZN5RW,premium water bottle,,180.0,18.0
04/11/2025,B09QFZN5RW,premium water bottle,56.1,,10.0
04/12/2025,B09QFZN5RW,premium water bottle,70.56,244.0,12.0
04/13/2025,B09QFZN5RW,premium water bottle,67.54,195.0,20.0
04/14/2025,B09QFZN5RW,premium water bottle,62.64,175.0,12.0
04/16/2025,B09QFZN5RW,premium water bottle,64.14,225.0,12.0
04/17/2025,B09QFZN5RW,premium water bottle,65.29,200.0,16.0
04/18/2025,B09QFZN5RW,premium water bottle,62.79,191.0,14.0
04/20/2025,B09QFZN5RW,premium water bottle,74.93,224.0,15.0
04/21/2025,B09QFZN5RW,premium water bottle,67.58,216.0,20.0
04/22/2025,B09QFZN5RW,premium water bottle,63.08,230.0,
04/23/2025,B09QFZN5RW,premium water bottle,64.66,242.0,23.0
04/24/2025,B09QFZN5RW,premium water bottle,70.45,228.0,17.0
04/25/2025,B09QFZN5RW,premium water bottle,69.68,233.0,15.0
04/26/2025,B09QFZN5RW,premium water bottle,81.37,330.0,25.0
04/27/2025,B09QFZN5RW,premium water bottle,74.13,249.0,21.0
04/28/2025,B09QFZN5RW,premium water bottle,76.57,230.0,21.0
04/29/2025,B09QFZN5RW,premium water bottle,65.17,230.0,16.0
04/30/2025,B09QFZN5RW,premium water bottle,68.2,303.0,
05/01/2025,B09QFZN5RW,premium water bottle,71.57,307.0,24.0
02/01/2025,B09QFZN5RW,stainless steel bottle,9.53,26.0,2.0
02/02/2025,B09QFZN5RW,stainless steel bottle,10.88,22.0,2.0
02/03/2025,B09QFZN5RW,stainless steel bottle,8.35,20.0,1.0
02/04/2025,B09QFZN5RW,stainless steel bottle,8.06,17.0,1.0
02/05/2025,B09QFZN5RW,stainless steel bottle,8.26,25.0,2.0
02/06/2025,B09QFZN5RW,stainless steel bottle,8.19,23.0,2.0
02/07/2025,B09QFZN5RW,stainless steel bottle,9.17,21.0,2.0
02/08/2025,B09QFZN5RW,stainless steel bottle,9.78,24.0,2.0
02/09/2025,B09QFZN5RW,stainless steel bottle,,27.0,2.0
02/10/2025,B09QFZN5RW,stainless steel bottle,9.31,25.0,2.0
02/11/2025,B09QFZN5RW,stainless steel bottle,9.22,29.0,2.0
02/12/2025,B09QFZN5RW,stainless steel bottle,10.26,26.0,2.0
02/13/2025,B09QFZN5RW,stainless steel bottle,9.58,25.0,2.0
02/14/2025,B09QFZN5RW,stainless steel bottle,9.96,24.0,2.0
02/15/2025,B09QFZN5RW,stainless steel bottle,11.99,30.0,2.0
02/17/2025,B09QFZN5RW,stainless steel bottle,10.11,33.0,2.0
02/18/2025,B09QFZN5RW,stainless steel bottle,9.97,27.0,2.0
02/19/2025,B09QFZN5RW,stainless steel bottle,10.16,27.0,1.0
02/20/2025,B09QFZN5RW,stainless steel bottle,11.99,38.0,3.0
02/21/2025,B09QFZN5RW,stainless steel bottle,10.9,,2.0
02/22/2025,B09QFZN5RW,stainless steel bottle,13.81,46.0,2.0
02/23/2025,B09QFZN5RW,stainless steel bottle,13.58,42.0,2.0
02/24/2025,B09QFZN5RW,stainless steel bottle,12.58,31.0,2.0
02/25/2025,B09QFZN5RW,stainless steel bottle,11.64,36.0,1.0
02/26/2025,B09QFZN5RW,stainless steel bottle,12.53,37.0,3.0
02/27/2025,B09QFZN5RW,stainless steel bottle,11.66,33.0,2.0
02/28/2025,B09QFZN5RW,stainless steel bottle,13.14,,2.0
03/01/2025,B09QFZN5RW,stainless steel bottle,16.16,49.0,2.0
03/02/2025,B09QFZN5RW,stainless steel bottle,17.18,54.0,3.0
03/03/2025,B09QFZN5RW,stainless steel bottle,12.4,53.0,2.0
03/04/2025,B09QFZN5RW,stainless steel bottle,12.94,38.0,2.0
03/05/2025,B09QFZN5RW,stainless steel bottle,14.51,50.0,2.0
03/07/2025,B09QFZN5RW,stainless steel bottle,14.69,61.0,2.0
03/08/2025,B09QFZN5RW,stainless steel bottle,15.6,61.0,2.0
03/09/2025,B09QFZN5RW,stainless steel bottle,17.45,66.0,3.0
03/10/2025,B09QFZN5RW,stainless steel bottle,15.67,61.0,
03/11/2025,B09QFZN5RW,stainless steel bottle,16.24,56.0,3.0
03/12/2025,B09QFZN5RW,stainless steel bottle,16.93,49.0,3.0
03/13/2025,B09QFZN5RW,stainless steel bottle,16.19,59.0,3.0
03/14/2025,B09QFZN5RW,stainless steel bottle,16.86,60.0,2.0
03/15/2025,B09QFZN5RW,stainless steel bottle,19.96,85.0,4.0
03/16/2025,B09QFZN5RW,stainless steel bottle,18.25,79.0,3.0
03/17/2025,B09QFZN5RW,stainless steel bottle,17.93,56.0,3.0
03/18/2025,B09QFZN5RW,stainless steel bottle,16.55,76.0,3.0
03/19/2025,B09QFZN5RW,stainless steel bottle,18.05,72.0,2.0
03/20/2025,B09QFZN5RW,stainless steel bottle,18.31,,3.0
03/21/2025,B09QFZN5RW,stainless steel bottle,17.3,65.0,3.0
03/22/2025,B09QFZN5RW,stainless steel bottle,22.05,74.0,2.0
03/23/2025,B09QFZN5RW,stainless steel bottle,20.86,92.0,2.0
03/24/2025,B09QFZN5RW,stainless steel bottle,18.37,76.0,3.0
03/25/2025,B09QFZN5RW,stainless steel bottle,20.6,83.0,3.0
03/26/2025,B09QFZN5RW,stainless steel bottle,18.07,102.0,3.0
03/27/2025,B09QFZN5RW,stainless steel bottle,20.97,95.0,2.0
03/28/2025,B09QFZN5RW,stainless steel bottle,19.97,109.0,3.0
03/29/2025,B09QFZN5RW,stainless steel bottle,23.41,118.0,4.0
03/31/2025,B09QFZN5RW,stainless steel bottle,20.2,88.0,4.0
04/01/2025,B09QFZN5RW,stainless steel bottle,,85.0,5.0
04/02/2025,B09QFZN5RW,stainless steel bottle,21.0,122.0,4.0
04/03/2025,B09QFZN5RW,stainless steel bottle,21.21,135.0,4.0
04/04/2025,B09QFZN5RW,stainless steel bottle,24.17,129.0,4.0
04/05/2025,B09QFZN5RW,stainless steel bottle,24.93,144.0,4.0
04/06/2025,B09QFZN5RW,stainless steel bottle,27.74,153.0,3.0
04/07/2025,B09QFZN5RW,stainless steel bottle,23.4,140.0,5.0
04/08/2025,B09QFZN5RW,stainless steel bottle,26.64,125.0,
04/09/2025,B09QFZN5RW,stainless steel bottle,26.36,113.0,4.0
04/10/2025,B09QFZN5RW,stainless steel bottle,27.36,160.0,5.0
04/11/2025,B09QFZN5RW,stainless steel bottle,23.56,,4.0
04/12/2025,B09QFZN5RW,stainless steel bottle,30.8,148.0,4.0
04/13/2025,B09QFZN5RW,stainless steel bottle,32.65,190.0,5.0
04/14/2025,B09QFZN5RW,stainless steel bottle,28.2,168.0,4.0
04/15/2025,B09QFZN5RW,stainless steel bottle,24.9,176.0,4.0
04/16/2025,B09QFZN5RW,stainless steel bottle,25.94,189.0,4.0
04/17/2025,B09QFZN5RW,stainless steel bottle,28.3,178.0,4.0
04/18/2025,B09QFZN5RW,stainless steel bottle,29.9,148.0,5.0
04/19/2025,B09QFZN5RW,stainless steel bottle,31.53,,5.0
04/20/2025,B09QFZN5RW,stainless steel bottle,36.97,198.0,5.0
04/21/2025,B09QFZN5RW,stainless steel bottle,33.11,225.0,
04/22/2025,B09QFZN5RW,stainless steel bottle,29.66,200.0,5.0
04/23/2025,B09QFZN5RW,stainless steel bottle,31.16,175.0,6.0
04/24/2025,B09QFZN5RW,stainless steel bottle,32.65,219.0,5.0
04/25/2025,B09QFZN5RW,stainless steel bottle,30.18,245.0,5.0
04/26/2025,B09QFZN5RW,stainless steel bottle,35.17,285.0,5.0
04/27/2025,B09QFZN5RW,stainless steel bottle,36.73,212.0,4.0
04/28/2025,B09QFZN5RW,stainless steel bottle,35.37,,4.0
04/29/2025,B09QFZN5RW,stainless steel bottle,32.45,264.0,5.0
04/30/2025,B09QFZN5RW,stainless steel bottle,36.55,272.0,4.0
05/01/2025,B09QFZN5RW,stainless steel bottle,32.64,231.0,6.0
02/01/2025,B09QFZN5RW,eco friendly bottle,8.55,29.0,2.0
02/02/2025,B09QFZN5RW,eco friendly bottle,7.73,34.0,5.0
02/03/2025,B09QFZN5RW,eco friendly bottle,6.91,31.0,
02/05/2025,B09QFZN5RW,eco friendly bottle,6.92,24.0,3.0
02/06/2025,B09QFZN5RW,eco friendly bottle,7.06,26.0,4.0
02/07/2025,B09QFZN5RW,eco friendly bottle,7.43,25.0,3.0
02/08/2025,B09QFZN5RW,eco friendly bottle,8.05,29.0,4.0
02/09/2025,B09QFZN5RW,eco friendly bottle,8.19,38.0,3.0
02/10/2025,B09QFZN5RW,eco friendly bottle,,24.0,5.0
02/11/2025,B09QFZN5RW,eco friendly bottle,7.73,23.0,5.0
02/12/2025,B09QFZN5RW,eco friendly bottle,7.81,33.0,6.0
02/13/2025,B09QFZN5RW,eco friendly bottle,8.02,32.0,4.0
02/14/2025,B09QFZN5RW,eco friendly bottle,8.2,28.0,5.0
02/15/2025,B09QFZN5RW,eco friendly bottle,10.16,29.0,4.0
02/16/2025,B09QFZN5RW,eco friendly bottle,9.87,40.0,4.0
02/17/2025,B09QFZN5RW,eco friendly bottle,8.15,30.0,6.0
02/18/2025,B09QFZN5RW,eco friendly bottle,8.18,31.0,6.0
02/19/2025,B09QFZN5RW,eco friendly bottle,9.05,35.0,5.0
02/20/2025,B09QFZN5RW,eco friendly bottle,8.62,36.0,6.0
02/21/2025,B09QFZN5RW,eco friendly bottle,8.38,38.0,6.0
02/22/2025,B09QFZN5RW,eco friendly bottle,10.23,36.0,6.0
02/23/2025,B09QFZN5RW,eco friendly bottle,9.93,35.0,4.0
02/24/2025,B09QFZN5RW,eco friendly bottle,8.51,28.0,5.0
02/25/2025,B09QFZN5RW,eco friendly bottle,8.91,30.0,7.0
02/26/2025,B09QFZN5RW,eco friendly bottle,9.47,32.0,4.0
02/27/2025,B09QFZN5RW,eco friendly bottle,9.39,31.0,6.0
02/28/2025,B09QFZN5RW,eco friendly bottle,9.77,38.0,5.0
03/01/2025,B09QFZN5RW,eco friendly bottle,,34.0,4.0
03/02/2025,B09QFZN5RW,eco friendly bottle,10.97,35.0,7.0
03/03/2025,B09QFZN5RW,eco friendly bottle,9.33,34.0,8.0
03/04/2025,B09QFZN5RW,eco friendly bottle,10.03,34.0,6.0
03/05/2025,B09QFZN5RW,eco friendly bottle,10.09,43.0,7.0
03/06/2025,B09QFZN5RW,eco friendly bottle,10.29,35.0,5.0
03/07/2025,B09QFZN5RW,eco friendly bottle,9.62,41.0,6.0
03/08/2025,B09QFZN5RW,eco friendly bottle,11.63,45.0,6.0
03/09/2025,B09QFZN5RW,eco friendly bottle,11.85,53.0,8.0
03/10/2025,B09QFZN5RW,eco friendly bottle,9.89,,6.0
03/12/2025,B09QFZN5RW,eco friendly bottle,9.85,38.0,6.0
03/13/2025,B09QFZN5RW,eco friendly bottle,11.19,40.0,9.0
03/14/2025,B09QFZN5RW,eco friendly bottle,9.99,48.0,8.0
03/15/2025,B09QFZN5RW,eco friendly bottle,10.94,52.0,10.0
03/16/2025,B09QFZN5RW,eco friendly bottle,13.23,38.0,9.0
03/17/2025,B09QFZN5RW,eco friendly bottle,9.87,36.0,7.0
03/18/2025,B09QFZN5RW,eco friendly bottle,11.51,46.0,11.0
03/19/2025,B09QFZN5RW,eco friendly bottle,10.38,,7.0
03/20/2025,B09QFZN5RW,eco friendly bottle,11.49,37.0,8.0
03/21/2025,B09QFZN5RW,eco friendly bottle,11.32,38.0,9.0
03/22/2025,B09QFZN5RW,eco friendly bottle,13.59,58.0,12.0
03/23/2025,B09QFZN5RW,eco friendly bottle,13.01,50.0,10.0
03/24/2025,B09QFZN5RW,eco friendly bottle,11.28,48.0,10.0
03/25/2025,B09QFZN5RW,eco friendly bottle,11.18,54.0,13.0
03/26/2025,B09QFZN5RW,eco friendly bottle,12.19,38.0,10.0
03/27/2025,B09QFZN5RW,eco friendly bottle,10.61,48.0,12.0
03/28/2025,B09QFZN5RW,eco friendly bottle,12.99,48.0,11.0
03/29/2025,B09QFZN5RW,eco friendly bottle,13.98,44.0,8.0
03/30/2025,B09QFZN5RW,eco friendly bottle,12.17,55.0,9.0
04/01/2025,B09QFZN5RW,eco friendly bottle,13.17,45.0,
04/02/2025,B09QFZN5RW,eco friendly bottle,12.06,53.0,11.0
04/03/2025,B09QFZN5RW,eco friendly bottle,11.89,49.0,16.0
04/04/2025,B09QFZN5RW,eco friendly bottle,12.72,47.0,12.0
04/05/2025,B09QFZN5RW,eco friendly bottle,13.71,51.0,12.0
04/06/2025,B09QFZN5RW,eco friendly bottle,14.77,50.0,10.0
04/07/2025,B09QFZN5RW,eco friendly bottle,14.11,58.0,13.0
04/08/2025,B09QFZN5RW,eco friendly bottle,11.88,51.0,16.0
04/10/2025,B09QFZN5RW,eco friendly bottle,14.24,47.0,14.0
04/11/2025,B09QFZN5RW,eco friendly bottle,12.94,51.0,17.0
04/12/2025,B09QFZN5RW,eco friendly bottle,14.97,59.0,16.0
04/13/2025,B09QFZN5RW,eco friendly bottle,17.38,66.0,13.0
04/14/2025,B09QFZN5RW,eco friendly bottle,15.3,65.0,18.0
04/16/2025,B09QFZN5RW,eco friendly bottle,13.65,48.0,16.0
04/17/2025,B09QFZN5RW,eco friendly bottle,14.7,50.0,20.0
04/18/2025,B09QFZN5RW,eco friendly bottle,14.46,68.0,12.0
04/19/2025,B09QFZN5RW,eco friendly bottle,16.54,70.0,23.0
04/20/2025,B09QFZN5RW,eco friendly bottle,16.7,59.0,23.0
04/21/2025,B09QFZN5RW,eco friendly bottle,15.29,66.0,21.0
04/22/2025,B09QFZN5RW,eco friendly bottle,15.51,57.0,18.0
04/23/2025,B09QFZN5RW,eco friendly bottle,14.41,58.0,22.0
04/24/2025,B09QFZN5RW,eco friendly bottle,14.94,68.0,14.0
04/25/2025,B09QFZN5RW,eco friendly bottle,15.73,70.0,13.0
04/26/2025,B09QFZN5RW,eco friendly bottle,16.11,71.0,22.0
04/27/2025,B09QFZN5RW,eco friendly bottle,19.66,69.0,21.0
04/28/2025,B09QFZN5RW,eco friendly bottle,15.76,79.0,17.0
04/29/2025,B09QFZN5RW,eco friendly bottle,16.7,78.0,26.0
04/30/2025,B09QFZN5RW,eco friendly bottle,14.72,75.0,25.0
05/01/2025,B09QFZN5RW,eco friendly bottle,14.96,79.0,18.0
02/01/2025,B07DKZCM8P,premium water bottle,29.28,23.0,3.0
02/02/2025,B07DKZCM8P,premium water bottle,,31.0,3.0
02/03/2025,B07DKZCM8P,premium water bottle,23.75,17.0,2.0
02/04/2025,B07DKZCM8P,premium water bottle,24.88,,3.0
02/06/2025,B07DKZCM8P,premium water bottle,26.35,19.0,3.0
02/07/2025,B07DKZCM8P,premium water bottle,26.0,23.0,3.0
02/08/2025,B07DKZCM8P,premium water bottle,29.36,22.0,3.0
02/09/2025,B07DKZCM8P,premium water bottle,24.87,20.0,4.0
02/10/2025,B07DKZCM8P,premium water bottle,,16.0,3.0
02/11/2025,B07DKZCM8P,premium water bottle,23.94,17.0,3.0
02/12/2025,B07DKZCM8P,premium water bottle,23.25,21.0,3.0
02/13/2025,B07DKZCM8P,premium water bottle,24.38,19.0,2.0
02/14/2025,B07DKZCM8P,premium water bottle,23.23,15.0,4.0
02/15/2025,B07DKZCM8P,premium water bottle,26.19,15.0,
02/16/2025,B07DKZCM8P,premium water bottle,,15.0,3.0
02/17/2025,B07DKZCM8P,premium water bottle,21.03,17.0,3.0
02/18/2025,B07DKZCM8P,premium water bottle,20.39,17.0,2.0
02/19/2025,B07DKZCM8P,premium water bottle,19.8,12.0,3.0
02/20/2025,B07DKZCM8P,premium water bottle,22.46,15.0,3.0
02/21/2025,B07DKZCM8P,premium water bottle,21.78,15.0,3.0
02/22/2025,B07DKZCM8P,premium water bottle,22.34,15.0,3.0
02/23/2025,B07DKZCM8P,premium water bottle,24.18,18.0,2.0
02/24/2025,B07DKZCM8P,premium water bottle,17.8,11.0,2.0
02/25/2025,B07DKZCM8P,premium water bottle,19.28,12.0,2.0
02/26/2025,B07DKZCM8P,premium water bottle,18.74,12.0,3.0
02/27/2025,B07DKZCM8P,premium water bottle,19.52,13.0,
03/01/2025,B07DKZCM8P,premium water bottle,23.57,12.0,2.0
03/02/2025,B07DKZCM8P,premium water bottle,21.59,11.0,2.0
03/03/2025,B07DKZCM8P,premium water bottle,18.7,10.0,3.0
03/05/2025,B07DKZCM8P,premium water bottle,16.23,12.0,3.0
03/06/2025,B07DKZCM8P,premium water bottle,16.6,11.0,2.0
03/07/2025,B07DKZCM8P,premium water bottle,15.67,11.0,1.0
03/08/2025,B07DKZCM8P,premium water bottle,18.79,12.0,3.0
03/09/2025,B07DKZCM8P,premium water bottle,,13.0,3.0
03/10/2025,B07DKZCM8P,premium water bottle,16.8,11.0,2.0
03/11/2025,B07DKZCM8P,premium water bottle,15.51,9.0,2.0
03/12/2025,B07DKZCM8P,premium water bottle,16.26,10.0,
03/13/2025,B07DKZCM8P,premium water bottle,15.2,10.0,1.0
03/14/2025,B07DKZCM8P,premium water bottle,15.48,9.0,2.0
03/15/2025,B07DKZCM8P,premium water bottle,,10.0,2.0
03/16/2025,B07DKZCM8P,premium water bottle,17.2,9.0,2.0
03/17/2025,B07DKZCM8P,premium water bottle,14.37,8.0,3.0
03/18/2025,B07DKZCM8P,premium water bottle,15.15,8.0,2.0
03/19/2025,B07DKZCM8P,premium water bottle,15.92,7.0,1.0
03/20/2025,B07DKZCM8P,premium water bottle,13.99,8.0,1.0
03/21/2025,B07DKZCM8P,premium water bottle,13.3,7.0,2.0
03/22/2025,B07DKZCM8P,premium water bottle,16.83,7.0,2.0
03/23/2025,B07DKZCM8P,premium water bottle,15.83,7.0,2.0
03/25/2025,B07DKZCM8P,premium water bottle,14.15,8.0,2.0
03/26/2025,B07DKZCM8P,premium water bottle,14.21,7.0,2.0
03/27/2025,B07DKZCM8P,premium water bottle,12.16,7.0,2.0
03/28/2025,B07DKZCM8P,premium water bottle,13.91,7.0,1.0
03/29/2025,B07DKZCM8P,premium water bottle,14.67,8.0,2.0
03/30/2025,B07DKZCM8P,premium water bottle,12.99,5.0,2.0
03/31/2025,B07DKZCM8P,premium water bottle,13.91,6.0,2.0
04/01/2025,B07DKZCM8P,premium water bottle,12.71,5.0,2.0
04/02/2025,B07DKZCM8P,premium water bottle,12.8,5.0,1.0
04/04/2025,B07DKZCM8P,premium water bottle,12.1,5.0,2.0
04/05/2025,B07DKZCM8P,premium water bottle,14.67,6.0,2.0
04/06/2025,B07DKZCM8P,premium water bottle,12.2,5.0,1.0
04/07/2025,B07DKZCM8P,premium water bottle,12.72,5.0,1.0
04/08/2025,B07DKZCM8P,premium water bottle,11.92,6.0,1.0
04/09/2025,B07DKZCM8P,premium water bottle,10.91,,1.0
04/10/2025,B07DKZCM8P,premium water bottle,10.32,5.0,1.0
04/11/2025,B07DKZCM8P,premium water bottle,11.52,5.0,1.0
04/12/2025,B07DKZCM8P,premium water bottle,12.51,5.0,1.0
04/13/2025,B07DKZCM8P,premium water bottle,12.03,4.0,1.0
04/14/2025,B07DKZCM8P,premium water bottle,11.54,3.0,1.0
04/15/2025,B07DKZCM8P,premium water bottle,10.92,4.0,1.0
04/16/2025,B07DKZCM8P,premium water bottle,10.21,5.0,1.0
04/17/2025,B07DKZCM8P,premium water bottle,10.41,3.0,2.0
04/18/2025,B07DKZCM8P,premium water bottle,9.35,4.0,1.0
04/19/2025,B07DKZCM8P,premium water bottle,,4.0,1.0
04/20/2025,B07DKZCM8P,premium water bottle,11.34,3.0,1.0
04/21/2025,B07DKZCM8P,premium water bottle,8.97,3.0,1.0
04/22/2025,B07DKZCM8P,premium water bottle,,3.0,1.0
04/24/2025,B07DKZCM8P,premium water bottle,10.16,3.0,1.0
04/25/2025,B07DKZCM8P,premium water bottle,9.67,3.0,1.0
04/26/2025,B07DKZCM8P,premium water bottle,10.27,3.0,1.0
04/27/2025,B07DKZCM8P,premium water bottle,10.71,3.0,1.0
04/28/2025,B07DKZCM8P,premium water bottle,8.53,2.0,1.0
04/29/2025,B07DKZCM8P,premium water bottle,,2.0,1.0
04/30/2025,B07DKZCM8P,premium water bottle,8.68,2.0,1.0
05/01/2025,B07DKZCM8P,premium water bottle,9.28,2.0,0.0
02/01/2025,B07DKZCM8P,stainless steel bottle,6.2,38.0,3.0
02/02/2025,B07DKZCM8P,stainless steel bottle,5.42,36.0,3.0
02/03/2025,B07DKZCM8P,stainless steel bottle,4.74,35.0,5.0
02/04/2025,B07DKZCM8P,stainless steel bottle,4.59,25.0,4.0
02/05/2025,B07DKZCM8P,stainless steel bottle,5.33,29.0,5.0
02/06/2025,B07DKZCM8P,stainless steel bottle,4.8,32.0,3.0
02/07/2025,B07DKZCM8P,stainless steel bottle,5.38,30.0,5.0
02/08/2025,B07DKZCM8P,stainless steel bottle,5.73,40.0,4.0
02/09/2025,B07DKZCM8P,stainless steel bottle,4.87,42.0,4.0
02/10/2025,B07DKZCM8P,stainless steel bottle,5.19,36.0,6.0
02/11/2025,B07DKZCM8P,stainless steel bottle,4.37,25.0,3.0
02/12/2025,B07DKZCM8P,stainless steel bottle,4.68,25.0,5.0
02/13/2025,B07DKZCM8P,stainless steel bottle,4.84,29.0,6.0
02/14/2025,B07DKZCM8P,stainless steel bottle,4.34,34.0,6.0
02/15/2025,B07DKZCM8P,stainless steel bottle,5.59,39.0,5.0
02/16/2025,B07DKZCM8P,stainless steel bottle,5.34,38.0,6.0
02/17/2025,B07DKZCM8P,stainless steel bottle,4.44,29.0,6.0
02/18/2025,B07DKZCM8P,stainless steel bottle,4.26,40.0,6.0
02/19/2025,B07DKZCM8P,stainless steel bottle,4.04,32.0,4.0
02/20/2025,B07DKZCM8P,stainless steel bottle,4.57,30.0,5.0
02/21/2025,B07DKZCM8P,stainless steel bottle,4.47,34.0,
02/22/2025,B07DKZCM8P,stainless steel bottle,4.86,40.0,5.0
02/23/2025,B07DKZCM8P,stainless steel bottle,5.28,42.0,7.0
02/24/2025,B07DKZCM8P,stainless steel bottle,4.07,39.0,8.0
02/25/2025,B07DKZCM8P,stainless steel bottle,3.95,,6.0
02/26/2025,B07DKZCM8P,stainless steel bottle,4.25,34.0,6.0
02/27/2025,B07DKZCM8P,stainless steel bottle,3.98,44.0,8.0
03/01/2025,B07DKZCM8P,stainless steel bottle,4.54,48.0,10.0
03/02/2025,B07DKZCM8P,stainless steel bottle,4.17,35.0,10.0
03/03/2025,B07DKZCM8P,stainless steel bottle,3.93,46.0,7.0
03/04/2025,B07DKZCM8P,stainless steel bottle,3.92,37.0,12.0
03/05/2025,B07DKZCM8P,stainless steel bottle,4.2,40.0,9.0
03/06/2025,B07DKZCM8P,stainless steel bottle,3.42,32.0,10.0
03/07/2025,B07DKZCM8P,stainless steel bottle,4.06,43.0,12.0
03/08/2025,B07DKZCM8P,stainless steel bottle,4.63,41.0,10.0
03/09/2025,B07DKZCM8P,stainless steel bottle,3.92,48.0,13.0
03/10/2025,B07DKZCM8P,stainless steel bottle,3.97,36.0,12.0
03/11/2025,B07DKZCM8P,stainless steel bottle,3.74,47.0,9.0
03/13/2025,B07DKZCM8P,stainless steel bottle,3.84,47.0,8.0
03/14/2025,B07DKZCM8P,stainless steel bottle,3.17,45.0,15.0
03/15/2025,B07DKZCM8P,stainless steel bottle,3.76,46.0,12.0
03/17/2025,B07DKZCM8P,stainless steel bottle,3.38,37.0,13.0
03/18/2025,B07DKZCM8P,stainless steel bottle,3.1,39.0,13.0
03/19/2025,B07DKZCM8P,stainless steel bottle,3.37,46.0,16.0
03/20/2025,B07DKZCM8P,stainless steel bottle,3.21,37.0,15.0
03/21/2025,B07DKZCM8P,stainless steel bottle,3.44,53.0,18.0
03/22/2025,B07DKZCM8P,stainless steel bottle,3.67,64.0,18.0
03/23/2025,B07DKZCM8P,stainless steel bottle,3.71,61.0,15.0
03/24/2025,B07DKZCM8P,stainless steel bottle,3.0,47.0,14.0
03/25/2025,B07DKZCM8P,stainless steel bottle,3.27,43.0,16.0
03/26/2025,B07DKZCM8P,stainless steel bottle,3.42,56.0,18.0
03/27/2025,B07DKZCM8P,stainless steel bottle,3.22,42.0,21.0
03/28/2025,B07DKZCM8P,stainless steel bottle,2.95,44.0,18.0
03/29/2025,B07DKZCM8P,stainless steel bottle,3.19,56.0,23.0
03/30/2025,B07DKZCM8P,stainless steel bottle,3.45,45.0,23.0
03/31/2025,B07DKZCM8P,stainless steel bottle,3.21,53.0,22.0
04/01/2025,B07DKZCM8P,stainless steel bottle,3.07,45.0,24.0
04/02/2025,B07DKZCM8P,stainless steel bottle,3.01,54.0,23.0
04/03/2025,B07DKZCM8P,stainless steel bottle,2.93,51.0,27.0
04/04/2025,B07DKZCM8P,stainless steel bottle,3.03,44.0,15.0
04/05/2025,B07DKZCM8P,stainless steel bottle,3.13,65.0,21.0
04/06/2025,B07DKZCM8P,stainless steel bottle,3.71,62.0,26.0
04/07/2025,B07DKZCM8P,stainless steel bottle,2.77,48.0,24.0
04/08/2025,B07DKZCM8P,stainless steel bottle,2.75,50.0,22.0
04/09/2025,B07DKZCM8P,stainless steel bottle,2.48,64.0,26.0
04/10/2025,B07DKZCM8P,stainless steel bottle,2.73,56.0,19.0
04/11/2025,B07DKZCM8P,stainless steel bottle,2.44,53.0,20.0
04/12/2025,B07DKZCM8P,stainless steel bottle,2.71,58.0,38.0
04/13/2025,B07DKZCM8P,stainless steel bottle,3.44,69.0,21.0
04/14/2025,B07DKZCM8P,stainless steel bottle,2.62,54.0,34.0
04/15/2025,B07DKZCM8P,stainless steel bottle,2.7,52.0,37.0
04/16/2025,B07DKZCM8P,stainless steel bottle,2.58,61.0,21.0
04/17/2025,B07DKZCM8P,stainless steel bottle,,67.0,29.0
04/18/2025,B07DKZCM8P,stainless steel bottle,2.77,67.0,30.0
04/19/2025,B07DKZCM8P,stainless steel bottle,3.0,61.0,34.0
04/20/2025,B07DKZCM8P,stainless steel bottle,3.16,59.0,40.0
04/21/2025,B07DKZCM8P,stainless steel bottle,2.56,52.0,34.0
04/22/2025,B07DKZCM8P,stainless steel bottle,2.2,60.0,37.0
04/23/2025,B07DKZCM8P,stainless steel bottle,2.57,56.0,28.0
04/24/2025,B07DKZCM8P,stainless steel bottle,2.61,73.0,38.0
04/25/2025,B07DKZCM8P,stainless steel bottle,2.27,68.0,35.0
04/26/2025,B07DKZCM8P,stainless steel bottle,2.67,77.0,52.0
04/27/2025,B07DKZCM8P,stainless steel bottle,2.63,84.0,54.0
04/28/2025,B07DKZCM8P,stainless steel bottle,2.28,57.0,39.0
04/29/2025,B07DKZCM8P,stainless steel bottle,2.44,,39.0
04/30/2025,B07DKZCM8P,stainless steel bottle,2.38,66.0,44.0
05/01/2025,B07DKZCM8P,stainless steel bottle,2.21,65.0,42.0
