date,asin,keyword,organic_rank
02/02/2025,B07X1KS7PF,premium water bottle,50
02/03/2025,B07X1KS7PF,premium water bottle,50
02/04/2025,B07X1KS7PF,premium water bottle,50
02/05/2025,B07X1KS7PF,premium water bottle,50
02/06/2025,B07X1KS7PF,premium water bottle,50
02/07/2025,B07X1KS7PF,premium water bottle,50
02/08/2025,B07X1KS7PF,premium water bottle,50
02/09/2025,B07X1KS7PF,premium water bottle,50
02/10/2025,B07X1KS7PF,premium water bottle,50
02/11/2025,B07X1KS7PF,premium water bottle,50
02/12/2025,B07X1KS7PF,premium water bottle,50
02/13/2025,B07X1KS7PF,premium water bottle,50
02/14/2025,B07X1KS7PF,premium water bottle,50
02/15/2025,B07X1KS7PF,premium water bottle,50
02/16/2025,B07X1KS7PF,premium water bottle,50
02/17/2025,B07X1KS7PF,premium water bottle,50
02/18/2025,B07X1KS7PF,premium water bottle,50
02/19/2025,B07X1KS7PF,premium water bottle,50
02/20/2025,B07X1KS7PF,premium water bottle,50
02/21/2025,B07X1KS7PF,premium water bottle,50
02/22/2025,B07X1KS7PF,premium water bottle,50
02/24/2025,B07X1KS7PF,premium water bottle,50
02/25/2025,B07X1KS7PF,premium water bottle,50
02/26/2025,B07X1KS7PF,premium water bottle,50
02/27/2025,B07X1KS7PF,premium water bottle,50
02/28/2025,B07X1KS7PF,premium water bottle,50
03/01/2025,B07X1KS7PF,premium water bottle,50
03/02/2025,B07X1KS7PF,premium water bottle,50
03/03/2025,B07X1KS7PF,premium water bottle,50
03/04/2025,B07X1KS7PF,premium water bottle,50
03/05/2025,B07X1KS7PF,premium water bottle,50
03/06/2025,B07X1KS7PF,premium water bottle,50
03/07/2025,B07X1KS7PF,premium water bottle,50
03/08/2025,B07X1KS7PF,premium water bottle,50
03/09/2025,B07X1KS7PF,premium water bottle,50
03/10/2025,B07X1KS7PF,premium water bottle,50
03/11/2025,B07X1KS7PF,premium water bottle,50
03/12/2025,B07X1KS7PF,premium water bottle,50
03/14/2025,B07X1KS7PF,premium water bottle,50
03/15/2025,B07X1KS7PF,premium water bottle,50
03/16/2025,B07X1KS7PF,premium water bottle,50
03/17/2025,B07X1KS7PF,premium water bottle,50
03/18/2025,B07X1KS7PF,premium water bottle,50
03/19/2025,B07X1KS7PF,premium water bottle,50
03/20/2025,B07X1KS7PF,premium water bottle,50
03/21/2025,B07X1KS7PF,premium water bottle,50
03/22/2025,B07X1KS7PF,premium water bottle,50
03/23/2025,B07X1KS7PF,premium water bottle,50
03/24/2025,B07X1KS7PF,premium water bottle,50
03/25/2025,B07X1KS7PF,premium water bottle,50
03/26/2025,B07X1KS7PF,premium water bottle,50
03/27/2025,B07X1KS7PF,premium water bottle,50
03/29/2025,B07X1KS7PF,premium water bottle,50
03/30/2025,B07X1KS7PF,premium water bottle,50
03/30/2025,B07X1KS7PF,premium water bottle,50
03/31/2025,B07X1KS7PF,premium water bottle,50
04/01/2025,B07X1KS7PF,premium water bottle,50
04/02/2025,B07X1KS7PF,premium water bottle,50
04/03/2025,B07X1KS7PF,premium water bottle,50
04/04/2025,B07X1KS7PF,premium water bottle,50
04/05/2025,B07X1KS7PF,premium water bottle,50
04/06/2025,B07X1KS7PF,premium water bottle,50
04/07/2025,B07X1KS7PF,premium water bottle,50
04/08/2025,B07X1KS7PF,premium water bottle,50
04/09/2025,B07X1KS7PF,premium water bottle,50
04/10/2025,B07X1KS7PF,premium water bottle,50
04/11/2025,B07X1KS7PF,premium water bottle,50
04/12/2025,B07X1KS7PF,premium water bottle,50
04/13/2025,B07X1KS7PF,premium water bottle,50
04/15/2025,B07X1KS7PF,premium water bottle,50
04/16/2025,B07X1KS7PF,premium water bottle,50
04/17/2025,B07X1KS7PF,premium water bottle,50
04/18/2025,B07X1KS7PF,premium water bottle,50
04/19/2025,B07X1KS7PF,premium water bottle,50
04/20/2025,B07X1KS7PF,premium water bottle,50
04/21/2025,B07X1KS7PF,premium water bottle,50
04/21/2025,B07X1KS7PF,premium water bottle,49
04/22/2025,B07X1KS7PF,premium water bottle,50
04/23/2025,B07X1KS7PF,premium water bottle,50
04/24/2025,B07X1KS7PF,premium water bottle,50
04/25/2025,B07X1KS7PF,premium water bottle,50
04/26/2025,B07X1KS7PF,premium water bottle,50
04/27/2025,B07X1KS7PF,premium water bottle,50
04/28/2025,B07X1KS7PF,premium water bottle,50
04/29/2025,B07X1KS7PF,premium water bottle,50
04/30/2025,B07X1KS7PF,premium water bottle,50
05/01/2025,B07X1KS7PF,premium water bottle,50
02/01/2025,B07X1KS7PF,insulated water bottle,49
02/02/2025,B07X1KS7PF,insulated water bottle,50
02/03/2025,B07X1KS7PF,insulated water bottle,50
02/04/2025,B07X1KS7PF,insulated water bottle,50
02/06/2025,B07X1KS7PF,insulated water bottle,50
02/07/2025,B07X1KS7PF,insulated water bottle,50
02/08/2025,B07X1KS7PF,insulated water bottle,50
02/09/2025,B07X1KS7PF,insulated water bottle,50
02/10/2025,B07X1KS7PF,insulated water bottle,50
02/11/2025,B07X1KS7PF,insulated water bottle,50
02/12/2025,B07X1KS7PF,insulated water bottle,50
02/13/2025,B07X1KS7PF,insulated water bottle,50
02/14/2025,B07X1KS7PF,insulated water bottle,50
02/15/2025,B07X1KS7PF,insulated water bottle,50
02/15/2025,B07X1KS7PF,insulated water bottle,49
02/16/2025,B07X1KS7PF,insulated water bottle,50
02/17/2025,B07X1KS7PF,insulated water bottle,50
02/18/2025,B07X1KS7PF,insulated water bottle,50
02/19/2025,B07X1KS7PF,insulated water bottle,50
02/20/2025,B07X1KS7PF,insulated water bottle,50
02/21/2025,B07X1KS7PF,insulated water bottle,50
02/22/2025,B07X1KS7PF,insulated water bottle,50
02/23/2025,B07X1KS7PF,insulated water bottle,50
02/24/2025,B07X1KS7PF,insulated water bottle,50
02/25/2025,B07X1KS7PF,insulated water bottle,50
02/26/2025,B07X1KS7PF,insulated water bottle,50
02/27/2025,B07X1KS7PF,insulated water bottle,50
02/28/2025,B07X1KS7PF,insulated water bottle,50
03/01/2025,B07X1KS7PF,insulated water bottle,50
03/02/2025,B07X1KS7PF,insulated water bottle,50
03/03/2025,B07X1KS7PF,insulated water bottle,50
03/04/2025,B07X1KS7PF,insulated water bottle,50
03/05/2025,B07X1KS7PF,insulated water bottle,50
03/06/2025,B07X1KS7PF,insulated water bottle,50
03/07/2025,B07X1KS7PF,insulated water bottle,50
03/08/2025,B07X1KS7PF,insulated water bottle,50
03/09/2025,B07X1KS7PF,insulated water bottle,50
03/10/2025,B07X1KS7PF,insulated water bottle,50
03/11/2025,B07X1KS7PF,insulated water bottle,50
03/12/2025,B07X1KS7PF,insulated water bottle,50
03/13/2025,B07X1KS7PF,insulated water bottle,50
03/14/2025,B07X1KS7PF,insulated water bottle,50
03/15/2025,B07X1KS7PF,insulated water bottle,50
03/16/2025,B07X1KS7PF,insulated water bottle,50
03/17/2025,B07X1KS7PF,insulated water bottle,50
03/18/2025,B07X1KS7PF,insulated water bottle,50
03/19/2025,B07X1KS7PF,insulated water bottle,50
03/20/2025,B07X1KS7PF,insulated water bottle,50
03/21/2025,B07X1KS7PF,insulated water bottle,50
03/22/2025,B07X1KS7PF,insulated water bottle,50
03/24/2025,B07X1KS7PF,insulated water bottle,50
03/25/2025,B07X1KS7PF,insulated water bottle,50
03/26/2025,B07X1KS7PF,insulated water bottle,50
03/27/2025,B07X1KS7PF,insulated water bottle,50
03/28/2025,B07X1KS7PF,insulated water bottle,50
03/29/2025,B07X1KS7PF,insulated water bottle,50
03/31/2025,B07X1KS7PF,insulated water bottle,50
04/01/2025,B07X1KS7PF,insulated water bottle,50
04/02/2025,B07X1KS7PF,insulated water bottle,50
04/03/2025,B07X1KS7PF,insulated water bottle,50
04/04/2025,B07X1KS7PF,insulated water bottle,50
04/05/2025,B07X1KS7PF,insulated water bottle,50
04/06/2025,B07X1KS7PF,insulated water bottle,50
04/07/2025,B07X1KS7PF,insulated water bottle,50
04/08/2025,B07X1KS7PF,insulated water bottle,50
04/09/2025,B07X1KS7PF,insulated water bottle,50
04/10/2025,B07X1KS7PF,insulated water bottle,50
04/11/2025,B07X1KS7PF,insulated water bottle,50
04/12/2025,B07X1KS7PF,insulated water bottle,50
04/13/2025,B07X1KS7PF,insulated water bottle,50
04/14/2025,B07X1KS7PF,insulated water bottle,50
04/15/2025,B07X1KS7PF,insulated water bottle,50
04/16/2025,B07X1KS7PF,insulated water bottle,50
04/17/2025,B07X1KS7PF,insulated water bottle,50
04/18/2025,B07X1KS7PF,insulated water bottle,50
04/19/2025,B07X1KS7PF,insulated water bottle,50
04/20/2025,B07X1KS7PF,insulated water bottle,50
04/22/2025,B07X1KS7PF,insulated water bottle,50
04/23/2025,B07X1KS7PF,insulated water bottle,50
04/24/2025,B07X1KS7PF,insulated water bottle,50
04/25/2025,B07X1KS7PF,insulated water bottle,50
04/26/2025,B07X1KS7PF,insulated water bottle,50
04/27/2025,B07X1KS7PF,insulated water bottle,50
04/27/2025,B07X1KS7PF,insulated water bottle,49
04/28/2025,B07X1KS7PF,insulated water bottle,50
04/29/2025,B07X1KS7PF,insulated water bottle,50
04/30/2025,B07X1KS7PF,insulated water bottle,50
05/01/2025,B07X1KS7PF,insulated water bottle,50
02/01/2025,B07X1KS7PF,stainless steel bottle,48
02/02/2025,B07X1KS7PF,stainless steel bottle,50
02/03/2025,B07X1KS7PF,stainless steel bottle,50
02/05/2025,B07X1KS7PF,stainless steel bottle,50
02/06/2025,B07X1KS7PF,stainless steel bottle,50
02/07/2025,B07X1KS7PF,stainless steel bottle,50
02/07/2025,B07X1KS7PF,stainless steel bottle,50
02/08/2025,B07X1KS7PF,stainless steel bottle,50
02/09/2025,B07X1KS7PF,stainless steel bottle,50
02/10/2025,B07X1KS7PF,stainless steel bottle,50
02/11/2025,B07X1KS7PF,stainless steel bottle,50
02/12/2025,B07X1KS7PF,stainless steel bottle,50
02/13/2025,B07X1KS7PF,stainless steel bottle,50
02/13/2025,B07X1KS7PF,stainless steel bottle,50
02/14/2025,B07X1KS7PF,stainless steel bottle,50
02/15/2025,B07X1KS7PF,stainless steel bottle,50
02/16/2025,B07X1KS7PF,stainless steel bottle,50
02/17/2025,B07X1KS7PF,stainless steel bottle,50
02/18/2025,B07X1KS7PF,stainless steel bottle,50
02/19/2025,B07X1KS7PF,stainless steel bottle,50
02/20/2025,B07X1KS7PF,stainless steel bottle,50
02/21/2025,B07X1KS7PF,stainless steel bottle,50
02/22/2025,B07X1KS7PF,stainless steel bottle,50
02/23/2025,B07X1KS7PF,stainless steel bottle,50
02/24/2025,B07X1KS7PF,stainless steel bottle,50
02/25/2025,B07X1KS7PF,stainless steel bottle,50
02/26/2025,B07X1KS7PF,stainless steel bottle,50
02/27/2025,B07X1KS7PF,stainless steel bottle,50
02/28/2025,B07X1KS7PF,stainless steel bottle,50
03/01/2025,B07X1KS7PF,stainless steel bottle,50
03/02/2025,B07X1KS7PF,stainless steel bottle,50
03/03/2025,B07X1KS7PF,stainless steel bottle,50
03/04/2025,B07X1KS7PF,stainless steel bottle,50
03/05/2025,B07X1KS7PF,stainless steel bottle,50
03/06/2025,B07X1KS7PF,stainless steel bottle,50
03/07/2025,B07X1KS7PF,stainless steel bottle,50
03/08/2025,B07X1KS7PF,stainless steel bottle,50
03/09/2025,B07X1KS7PF,stainless steel bottle,50
03/10/2025,B07X1KS7PF,stainless steel bottle,50
03/10/2025,B07X1KS7PF,stainless steel bottle,49
03/11/2025,B07X1KS7PF,stainless steel bottle,50
03/12/2025,B07X1KS7PF,stainless steel bottle,50
03/13/2025,B07X1KS7PF,stainless steel bottle,50
03/14/2025,B07X1KS7PF,stainless steel bottle,50
03/15/2025,B07X1KS7PF,stainless steel bottle,50
03/16/2025,B07X1KS7PF,stainless steel bottle,50
03/17/2025,B07X1KS7PF,stainless steel bottle,50
03/18/2025,B07X1KS7PF,stainless steel bottle,50
03/19/2025,B07X1KS7PF,stainless steel bottle,50
03/20/2025,B07X1KS7PF,stainless steel bottle,50
03/21/2025,B07X1KS7PF,stainless steel bottle,50
03/22/2025,B07X1KS7PF,stainless steel bottle,50
03/23/2025,B07X1KS7PF,stainless steel bottle,50
03/24/2025,B07X1KS7PF,stainless steel bottle,50
03/25/2025,B07X1KS7PF,stainless steel bottle,50
03/26/2025,B07X1KS7PF,stainless steel bottle,50
03/27/2025,B07X1KS7PF,stainless steel bottle,50
03/28/2025,B07X1KS7PF,stainless steel bottle,50
03/29/2025,B07X1KS7PF,stainless steel bottle,50
03/30/2025,B07X1KS7PF,stainless steel bottle,50
03/31/2025,B07X1KS7PF,stainless steel bottle,50
04/01/2025,B07X1KS7PF,stainless steel bottle,50
04/02/2025,B07X1KS7PF,stainless steel bottle,50
04/03/2025,B07X1KS7PF,stainless steel bottle,50
04/04/2025,B07X1KS7PF,stainless steel bottle,50
04/05/2025,B07X1KS7PF,stainless steel bottle,50
04/06/2025,B07X1KS7PF,stainless steel bottle,50
04/07/2025,B07X1KS7PF,stainless steel bottle,50
04/08/2025,B07X1KS7PF,stainless steel bottle,50
04/09/2025,B07X1KS7PF,stainless steel bottle,50
04/10/2025,B07X1KS7PF,stainless steel bottle,50
04/11/2025,B07X1KS7PF,stainless steel bottle,50
04/12/2025,B07X1KS7PF,stainless steel bottle,50
04/13/2025,B07X1KS7PF,stainless steel bottle,50
04/13/2025,B07X1KS7PF,stainless steel bottle,50
04/14/2025,B07X1KS7PF,stainless steel bottle,50
04/15/2025,B07X1KS7PF,stainless steel bottle,50
04/16/2025,B07X1KS7PF,stainless steel bottle,50
04/17/2025,B07X1KS7PF,stainless steel bottle,50
04/18/2025,B07X1KS7PF,stainless steel bottle,50
04/20/2025,B07X1KS7PF,stainless steel bottle,50
04/21/2025,B07X1KS7PF,stainless steel bottle,50
04/22/2025,B07X1KS7PF,stainless steel bottle,50
04/24/2025,B07X1KS7PF,stainless steel bottle,50
04/25/2025,B07X1KS7PF,stainless steel bottle,50
04/26/2025,B07X1KS7PF,stainless steel bottle,50
04/27/2025,B07X1KS7PF,stainless steel bottle,50
04/28/2025,B07X1KS7PF,stainless steel bottle,50
04/29/2025,B07X1KS7PF,stainless steel bottle,50
04/30/2025,B07X1KS7PF,stainless steel bottle,50
05/01/2025,B07X1KS7PF,stainless steel bottle,50
02/01/2025,B07X1KS7PF,eco friendly bottle,31
02/02/2025,B07X1KS7PF,eco friendly bottle,30
02/03/2025,B07X1KS7PF,eco friendly bottle,26
02/04/2025,B07X1KS7PF,eco friendly bottle,21
02/05/2025,B07X1KS7PF,eco friendly bottle,20
02/06/2025,B07X1KS7PF,eco friendly bottle,17
02/08/2025,B07X1KS7PF,eco friendly bottle,13
02/09/2025,B07X1KS7PF,eco friendly bottle,11
02/10/2025,B07X1KS7PF,eco friendly bottle,9
02/11/2025,B07X1KS7PF,eco friendly bottle,8
02/12/2025,B07X1KS7PF,eco friendly bottle,8
02/13/2025,B07X1KS7PF,eco friendly bottle,7
02/14/2025,B07X1KS7PF,eco friendly bottle,5
02/15/2025,B07X1KS7PF,eco friendly bottle,5
02/16/2025,B07X1KS7PF,eco friendly bottle,4
02/17/2025,B07X1KS7PF,eco friendly bottle,4
02/18/2025,B07X1KS7PF,eco friendly bottle,3
02/19/2025,B07X1KS7PF,eco friendly bottle,3
02/20/2025,B07X1KS7PF,eco friendly bottle,2
02/21/2025,B07X1KS7PF,eco friendly bottle,2
02/21/2025,B07X1KS7PF,eco friendly bottle,2
02/22/2025,B07X1KS7PF,eco friendly bottle,2
02/23/2025,B07X1KS7PF,eco friendly bottle,1
02/24/2025,B07X1KS7PF,eco friendly bottle,1
02/25/2025,B07X1KS7PF,eco friendly bottle,1
02/26/2025,B07X1KS7PF,eco friendly bottle,1
02/27/2025,B07X1KS7PF,eco friendly bottle,1
02/28/2025,B07X1KS7PF,eco friendly bottle,1
02/28/2025,B07X1KS7PF,eco friendly bottle,1
03/01/2025,B07X1KS7PF,eco friendly bottle,1
03/02/2025,B07X1KS7PF,eco friendly bottle,1
03/03/2025,B07X1KS7PF,eco friendly bottle,1
03/04/2025,B07X1KS7PF,eco friendly bottle,1
03/05/2025,B07X1KS7PF,eco friendly bottle,1
03/06/2025,B07X1KS7PF,eco friendly bottle,1
03/07/2025,B07X1KS7PF,eco friendly bottle,1
03/08/2025,B07X1KS7PF,eco friendly bottle,1
03/09/2025,B07X1KS7PF,eco friendly bottle,1
03/10/2025,B07X1KS7PF,eco friendly bottle,1
03/11/2025,B07X1KS7PF,eco friendly bottle,1
03/12/2025,B07X1KS7PF,eco friendly bottle,1
03/13/2025,B07X1KS7PF,eco friendly bottle,1
03/14/2025,B07X1KS7PF,eco friendly bottle,1
03/15/2025,B07X1KS7PF,eco friendly bottle,1
03/16/2025,B07X1KS7PF,eco friendly bottle,1
03/17/2025,B07X1KS7PF,eco friendly bottle,1
03/18/2025,B07X1KS7PF,eco friendly bottle,1
03/19/2025,B07X1KS7PF,eco friendly bottle,1
03/20/2025,B07X1KS7PF,eco friendly bottle,1
03/21/2025,B07X1KS7PF,eco friendly bottle,1
03/22/2025,B07X1KS7PF,eco friendly bottle,1
03/23/2025,B07X1KS7PF,eco friendly bottle,1
03/25/2025,B07X1KS7PF,eco friendly bottle,1
03/26/2025,B07X1KS7PF,eco friendly bottle,1
03/27/2025,B07X1KS7PF,eco friendly bottle,1
03/28/2025,B07X1KS7PF,eco friendly bottle,1
03/29/2025,B07X1KS7PF,eco friendly bottle,1
03/30/2025,B07X1KS7PF,eco friendly bottle,1
03/31/2025,B07X1KS7PF,eco friendly bottle,1
04/01/2025,B07X1KS7PF,eco friendly bottle,1
04/02/2025,B07X1KS7PF,eco friendly bottle,1
04/03/2025,B07X1KS7PF,eco friendly bottle,1
04/04/2025,B07X1KS7PF,eco friendly bottle,1
04/05/2025,B07X1KS7PF,eco friendly bottle,1
04/07/2025,B07X1KS7PF,eco friendly bottle,1
04/08/2025,B07X1KS7PF,eco friendly bottle,1
04/09/2025,B07X1KS7PF,eco friendly bottle,1
04/10/2025,B07X1KS7PF,eco friendly bottle,1
04/11/2025,B07X1KS7PF,eco friendly bottle,1
04/12/2025,B07X1KS7PF,eco friendly bottle,1
04/14/2025,B07X1KS7PF,eco friendly bottle,1
04/15/2025,B07X1KS7PF,eco friendly bottle,1
04/16/2025,B07X1KS7PF,eco friendly bottle,1
04/17/2025,B07X1KS7PF,eco friendly bottle,1
04/18/2025,B07X1KS7PF,eco friendly bottle,1
04/19/2025,B07X1KS7PF,eco friendly bottle,1
04/20/2025,B07X1KS7PF,eco friendly bottle,1
04/21/2025,B07X1KS7PF,eco friendly bottle,1
04/22/2025,B07X1KS7PF,eco friendly bottle,1
04/22/2025,B07X1KS7PF,eco friendly bottle,1
04/23/2025,B07X1KS7PF,eco friendly bottle,1
04/24/2025,B07X1KS7PF,eco friendly bottle,1
04/25/2025,B07X1KS7PF,eco friendly bottle,1
04/26/2025,B07X1KS7PF,eco friendly bottle,1
04/27/2025,B07X1KS7PF,eco friendly bottle,1
04/28/2025,B07X1KS7PF,eco friendly bottle,1
04/29/2025,B07X1KS7PF,eco friendly bottle,1
04/30/2025,B07X1KS7PF,eco friendly bottle,1
02/01/2025,B08JTPXKY3,premium water bottle,43
02/02/2025,B08JTPXKY3,premium water bottle,41
02/03/2025,B08JTPXKY3,premium water bottle,36
02/04/2025,B08JTPXKY3,premium water bottle,30
02/05/2025,B08JTPXKY3,premium water bottle,27
02/06/2025,B08JTPXKY3,premium water bottle,24
02/07/2025,B08JTPXKY3,premium water bottle,20
02/08/2025,B08JTPXKY3,premium water bottle,18
02/09/2025,B08JTPXKY3,premium water bottle,15
02/10/2025,B08JTPXKY3,premium water bottle,14
02/11/2025,B08JTPXKY3,premium water bottle,13
02/12/2025,B08JTPXKY3,premium water bottle,11
02/13/2025,B08JTPXKY3,premium water bottle,9
02/13/2025,B08JTPXKY3,premium water bottle,9
02/14/2025,B08JTPXKY3,premium water bottle,8
02/15/2025,B08JTPXKY3,premium water bottle,7
02/16/2025,B08JTPXKY3,premium water bottle,6
02/17/2025,B08JTPXKY3,premium water bottle,5
02/18/2025,B08JTPXKY3,premium water bottle,5
02/19/2025,B08JTPXKY3,premium water bottle,4
02/20/2025,B08JTPXKY3,premium water bottle,3
02/22/2025,B08JTPXKY3,premium water bottle,2
02/23/2025,B08JTPXKY3,premium water bottle,2
02/24/2025,B08JTPXKY3,premium water bottle,2
02/25/2025,B08JTPXKY3,premium water bottle,2
02/26/2025,B08JTPXKY3,premium water bottle,1
02/27/2025,B08JTPXKY3,premium water bottle,1
02/28/2025,B08JTPXKY3,premium water bottle,1
03/01/2025,B08JTPXKY3,premium water bottle,1
03/02/2025,B08JTPXKY3,premium water bottle,1
03/03/2025,B08JTPXKY3,premium water bottle,1
03/04/2025,B08JTPXKY3,premium water bottle,1
03/05/2025,B08JTPXKY3,premium water bottle,1
03/06/2025,B08JTPXKY3,premium water bottle,1
03/07/2025,B08JTPXKY3,premium water bottle,1
03/08/2025,B08JTPXKY3,premium water bottle,1
03/09/2025,B08JTPXKY3,premium water bottle,1
03/10/2025,B08JTPXKY3,premium water bottle,1
03/11/2025,B08JTPXKY3,premium water bottle,1
03/12/2025,B08JTPXKY3,premium water bottle,1
03/13/2025,B08JTPXKY3,premium water bottle,1
03/14/2025,B08JTPXKY3,premium water bottle,1
03/15/2025,B08JTPXKY3,premium water bottle,1
03/16/2025,B08JTPXKY3,premium water bottle,1
03/17/2025,B08JTPXKY3,premium water bottle,1
03/18/2025,B08JTPXKY3,premium water bottle,1
03/19/2025,B08JTPXKY3,premium water bottle,1
03/20/2025,B08JTPXKY3,premium water bottle,1
03/21/2025,B08JTPXKY3,premium water bottle,1
03/22/2025,B08JTPXKY3,premium water bottle,1
03/23/2025,B08JTPXKY3,premium water bottle,1
03/24/2025,B08JTPXKY3,premium water bottle,1
03/26/2025,B08JTPXKY3,premium water bottle,1
03/27/2025,B08JTPXKY3,premium water bottle,1
03/28/2025,B08JTPXKY3,premium water bottle,1
03/29/2025,B08JTPXKY3,premium water bottle,1
03/30/2025,B08JTPXKY3,premium water bottle,1
04/01/2025,B08JTPXKY3,premium water bottle,1
04/02/2025,B08JTPXKY3,premium water bottle,1
04/03/2025,B08JTPXKY3,premium water bottle,1
04/04/2025,B08JTPXKY3,premium water bottle,1
04/05/2025,B08JTPXKY3,premium water bottle,1
04/06/2025,B08JTPXKY3,premium water bottle,1
04/07/2025,B08JTPXKY3,premium water bottle,1
04/08/2025,B08JTPXKY3,premium water bottle,1
04/09/2025,B08JTPXKY3,premium water bottle,1
04/10/2025,B08JTPXKY3,premium water bottle,1
04/11/2025,B08JTPXKY3,premium water bottle,1
04/12/2025,B08JTPXKY3,premium water bottle,1
04/13/2025,B08JTPXKY3,premium water bottle,1
04/14/2025,B08JTPXKY3,premium water bottle,1
04/15/2025,B08JTPXKY3,premium water bottle,1
04/16/2025,B08JTPXKY3,premium water bottle,1
04/18/2025,B08JTPXKY3,premium water bottle,1
04/19/2025,B08JTPXKY3,premium water bottle,1
04/20/2025,B08JTPXKY3,premium water bottle,1
04/21/2025,B08JTPXKY3,premium water bottle,1
04/22/2025,B08JTPXKY3,premium water bottle,1
04/23/2025,B08JTPXKY3,premium water bottle,1
04/24/2025,B08JTPXKY3,premium water bottle,1
04/25/2025,B08JTPXKY3,premium water bottle,1
04/26/2025,B08JTPXKY3,premium water bottle,1
04/27/2025,B08JTPXKY3,premium water bottle,1
04/28/2025,B08JTPXKY3,premium water bottle,1
04/28/2025,B08JTPXKY3,premium water bottle,1
04/29/2025,B08JTPXKY3,premium water bottle,1
04/30/2025,B08JTPXKY3,premium water bottle,1
02/01/2025,B08JTPXKY3,insulated water bottle,14
02/02/2025,B08JTPXKY3,insulated water bottle,16
02/03/2025,B08JTPXKY3,insulated water bottle,20
02/04/2025,B08JTPXKY3,insulated water bottle,24
02/05/2025,B08JTPXKY3,insulated water bottle,28
02/06/2025,B08JTPXKY3,insulated water bottle,34
02/07/2025,B08JTPXKY3,insulated water bottle,41
02/08/2025,B08JTPXKY3,insulated water bottle,47
02/09/2025,B08JTPXKY3,insulated water bottle,50
02/10/2025,B08JTPXKY3,insulated water bottle,50
02/11/2025,B08JTPXKY3,insulated water bottle,50
02/13/2025,B08JTPXKY3,insulated water bottle,50
02/14/2025,B08JTPXKY3,insulated water bottle,50
02/15/2025,B08JTPXKY3,insulated water bottle,50
02/16/2025,B08JTPXKY3,insulated water bottle,50
02/17/2025,B08JTPXKY3,insulated water bottle,50
02/18/2025,B08JTPXKY3,insulated water bottle,50
02/19/2025,B08JTPXKY3,insulated water bottle,50
02/20/2025,B08JTPXKY3,insulated water bottle,50
02/21/2025,B08JTPXKY3,insulated water bottle,50
02/22/2025,B08JTPXKY3,insulated water bottle,50
02/23/2025,B08JTPXKY3,insulated water bottle,50
02/24/2025,B08JTPXKY3,insulated water bottle,50
02/25/2025,B08JTPXKY3,insulated water bottle,50
02/26/2025,B08JTPXKY3,insulated water bottle,50
02/27/2025,B08JTPXKY3,insulated water bottle,50
02/28/2025,B08JTPXKY3,insulated water bottle,50
03/01/2025,B08JTPXKY3,insulated water bottle,50
03/02/2025,B08JTPXKY3,insulated water bottle,50
03/03/2025,B08JTPXKY3,insulated water bottle,50
03/03/2025,B08JTPXKY3,insulated water bottle,49
03/04/2025,B08JTPXKY3,insulated water bottle,50
03/05/2025,B08JTPXKY3,insulated water bottle,50
03/06/2025,B08JTPXKY3,insulated water bottle,50
03/07/2025,B08JTPXKY3,insulated water bottle,50
03/08/2025,B08JTPXKY3,insulated water bottle,50
03/09/2025,B08JTPXKY3,insulated water bottle,50
03/10/2025,B08JTPXKY3,insulated water bottle,50
03/11/2025,B08JTPXKY3,insulated water bottle,50
03/12/2025,B08JTPXKY3,insulated water bottle,50
03/13/2025,B08JTPXKY3,insulated water bottle,50
03/14/2025,B08JTPXKY3,insulated water bottle,50
03/15/2025,B08JTPXKY3,insulated water bottle,50
03/16/2025,B08JTPXKY3,insulated water bottle,50
03/17/2025,B08JTPXKY3,insulated water bottle,50
03/18/2025,B08JTPXKY3,insulated water bottle,50
03/19/2025,B08JTPXKY3,insulated water bottle,50
03/20/2025,B08JTPXKY3,insulated water bottle,50
03/21/2025,B08JTPXKY3,insulated water bottle,50
03/22/2025,B08JTPXKY3,insulated water bottle,50
03/23/2025,B08JTPXKY3,insulated water bottle,50
03/24/2025,B08JTPXKY3,insulated water bottle,50
03/25/2025,B08JTPXKY3,insulated water bottle,50
03/26/2025,B08JTPXKY3,insulated water bottle,50
03/27/2025,B08JTPXKY3,insulated water bottle,50
03/28/2025,B08JTPXKY3,insulated water bottle,50
03/29/2025,B08JTPXKY3,insulated water bottle,50
03/29/2025,B08JTPXKY3,insulated water bottle,50
03/30/2025,B08JTPXKY3,insulated water bottle,50
03/31/2025,B08JTPXKY3,insulated water bottle,50
04/01/2025,B08JTPXKY3,insulated water bottle,50
04/02/2025,B08JTPXKY3,insulated water bottle,50
04/03/2025,B08JTPXKY3,insulated water bottle,50
04/05/2025,B08JTPXKY3,insulated water bottle,50
04/06/2025,B08JTPXKY3,insulated water bottle,50
04/07/2025,B08JTPXKY3,insulated water bottle,50
04/08/2025,B08JTPXKY3,insulated water bottle,50
04/09/2025,B08JTPXKY3,insulated water bottle,50
04/11/2025,B08JTPXKY3,insulated water bottle,50
04/12/2025,B08JTPXKY3,insulated water bottle,50
04/13/2025,B08JTPXKY3,insulated water bottle,50
04/14/2025,B08JTPXKY3,insulated water bottle,50
04/15/2025,B08JTPXKY3,insulated water bottle,50
04/16/2025,B08JTPXKY3,insulated water bottle,50
04/17/2025,B08JTPXKY3,insulated water bottle,50
04/18/2025,B08JTPXKY3,insulated water bottle,50
04/19/2025,B08JTPXKY3,insulated water bottle,50
04/20/2025,B08JTPXKY3,insulated water bottle,50
04/21/2025,B08JTPXKY3,insulated water bottle,50
04/22/2025,B08JTPXKY3,insulated water bottle,50
04/23/2025,B08JTPXKY3,insulated water bottle,50
04/24/2025,B08JTPXKY3,insulated water bottle,50
04/25/2025,B08JTPXKY3,insulated water bottle,50
04/26/2025,B08JTPXKY3,insulated water bottle,50
04/27/2025,B08JTPXKY3,insulated water bottle,50
04/28/2025,B08JTPXKY3,insulated water bottle,50
04/29/2025,B08JTPXKY3,insulated water bottle,50
04/30/2025,B08JTPXKY3,insulated water bottle,50
05/01/2025,B08JTPXKY3,insulated water bottle,50
02/01/2025,B08JTPXKY3,stainless steel bottle,21
02/02/2025,B08JTPXKY3,stainless steel bottle,17
02/03/2025,B08JTPXKY3,stainless steel bottle,13
02/04/2025,B08JTPXKY3,stainless steel bottle,10
02/04/2025,B08JTPXKY3,stainless steel bottle,9
02/05/2025,B08JTPXKY3,stainless steel bottle,8
02/06/2025,B08JTPXKY3,stainless steel bottle,6
02/07/2025,B08JTPXKY3,stainless steel bottle,5
02/08/2025,B08JTPXKY3,stainless steel bottle,4
02/09/2025,B08JTPXKY3,stainless steel bottle,3
02/10/2025,B08JTPXKY3,stainless steel bottle,2
02/12/2025,B08JTPXKY3,stainless steel bottle,1
02/13/2025,B08JTPXKY3,stainless steel bottle,1
02/14/2025,B08JTPXKY3,stainless steel bottle,1
02/15/2025,B08JTPXKY3,stainless steel bottle,1
02/16/2025,B08JTPXKY3,stainless steel bottle,1
02/17/2025,B08JTPXKY3,stainless steel bottle,1
02/18/2025,B08JTPXKY3,stainless steel bottle,1
02/19/2025,B08JTPXKY3,stainless steel bottle,1
02/20/2025,B08JTPXKY3,stainless steel bottle,1
02/21/2025,B08JTPXKY3,stainless steel bottle,1
02/22/2025,B08JTPXKY3,stainless steel bottle,1
02/23/2025,B08JTPXKY3,stainless steel bottle,1
02/24/2025,B08JTPXKY3,stainless steel bottle,1
02/25/2025,B08JTPXKY3,stainless steel bottle,1
02/26/2025,B08JTPXKY3,stainless steel bottle,1
02/28/2025,B08JTPXKY3,stainless steel bottle,1
03/01/2025,B08JTPXKY3,stainless steel bottle,1
03/02/2025,B08JTPXKY3,stainless steel bottle,1
03/03/2025,B08JTPXKY3,stainless steel bottle,1
03/04/2025,B08JTPXKY3,stainless steel bottle,1
03/05/2025,B08JTPXKY3,stainless steel bottle,1
03/06/2025,B08JTPXKY3,stainless steel bottle,1
03/07/2025,B08JTPXKY3,stainless steel bottle,1
03/08/2025,B08JTPXKY3,stainless steel bottle,1
03/09/2025,B08JTPXKY3,stainless steel bottle,1
03/11/2025,B08JTPXKY3,stainless steel bottle,1
03/12/2025,B08JTPXKY3,stainless steel bottle,1
03/13/2025,B08JTPXKY3,stainless steel bottle,1
03/14/2025,B08JTPXKY3,stainless steel bottle,1
03/15/2025,B08JTPXKY3,stainless steel bottle,1
03/16/2025,B08JTPXKY3,stainless steel bottle,1
03/17/2025,B08JTPXKY3,stainless steel bottle,1
03/18/2025,B08JTPXKY3,stainless steel bottle,1
03/19/2025,B08JTPXKY3,stainless steel bottle,1
03/20/2025,B08JTPXKY3,stainless steel bottle,1
03/21/2025,B08JTPXKY3,stainless steel bottle,1
03/22/2025,B08JTPXKY3,stainless steel bottle,1
03/23/2025,B08JTPXKY3,stainless steel bottle,1
03/24/2025,B08JTPXKY3,stainless steel bottle,1
03/25/2025,B08JTPXKY3,stainless steel bottle,1
03/26/2025,B08JTPXKY3,stainless steel bottle,1
03/26/2025,B08JTPXKY3,stainless steel bottle,1
03/27/2025,B08JTPXKY3,stainless steel bottle,1
03/28/2025,B08JTPXKY3,stainless steel bottle,1
03/29/2025,B08JTPXKY3,stainless steel bottle,1
03/30/2025,B08JTPXKY3,stainless steel bottle,1
03/31/2025,B08JTPXKY3,stainless steel bottle,1
04/02/2025,B08JTPXKY3,stainless steel bottle,1
04/03/2025,B08JTPXKY3,stainless steel bottle,1
04/04/2025,B08JTPXKY3,stainless steel bottle,1
04/05/2025,B08JTPXKY3,stainless steel bottle,1
04/06/2025,B08JTPXKY3,stainless steel bottle,1
04/07/2025,B08JTPXKY3,stainless steel bottle,1
04/08/2025,B08JTPXKY3,stainless steel bottle,1
04/09/2025,B08JTPXKY3,stainless steel bottle,1
04/10/2025,B08JTPXKY3,stainless steel bottle,1
04/11/2025,B08JTPXKY3,stainless steel bottle,1
04/12/2025,B08JTPXKY3,stainless steel bottle,1
04/13/2025,B08JTPXKY3,stainless steel bottle,1
04/14/2025,B08JTPXKY3,stainless steel bottle,1
04/15/2025,B08JTPXKY3,stainless steel bottle,1
04/16/2025,B08JTPXKY3,stainless steel bottle,1
04/17/2025,B08JTPXKY3,stainless steel bottle,1
04/18/2025,B08JTPXKY3,stainless steel bottle,1
04/19/2025,B08JTPXKY3,stainless steel bottle,1
04/20/2025,B08JTPXKY3,stainless steel bottle,1
04/21/2025,B08JTPXKY3,stainless steel bottle,1
04/22/2025,B08JTPXKY3,stainless steel bottle,1
04/23/2025,B08JTPXKY3,stainless steel bottle,1
04/24/2025,B08JTPXKY3,stainless steel bottle,1
04/25/2025,B08JTPXKY3,stainless steel bottle,1
04/26/2025,B08JTPXKY3,stainless steel bottle,1
04/27/2025,B08JTPXKY3,stainless steel bottle,1
04/28/2025,B08JTPXKY3,stainless steel bottle,1
04/29/2025,B08JTPXKY3,stainless steel bottle,1
04/30/2025,B08JTPXKY3,stainless steel bottle,1
02/01/2025,B08JTPXKY3,eco friendly bottle,21
02/02/2025,B08JTPXKY3,eco friendly bottle,25
02/03/2025,B08JTPXKY3,eco friendly bottle,31
02/04/2025,B08JTPXKY3,eco friendly bottle,34
02/05/2025,B08JTPXKY3,eco friendly bottle,43
02/06/2025,B08JTPXKY3,eco friendly bottle,50
02/07/2025,B08JTPXKY3,eco friendly bottle,50
02/08/2025,B08JTPXKY3,eco friendly bottle,50
02/09/2025,B08JTPXKY3,eco friendly bottle,50
02/09/2025,B08JTPXKY3,eco friendly bottle,50
02/10/2025,B08JTPXKY3,eco friendly bottle,50
02/11/2025,B08JTPXKY3,eco friendly bottle,50
02/11/2025,B08JTPXKY3,eco friendly bottle,49
02/12/2025,B08JTPXKY3,eco friendly bottle,50
02/13/2025,B08JTPXKY3,eco friendly bottle,50
02/14/2025,B08JTPXKY3,eco friendly bottle,50
02/14/2025,B08JTPXKY3,eco friendly bottle,50
02/15/2025,B08JTPXKY3,eco friendly bottle,50
02/16/2025,B08JTPXKY3,eco friendly bottle,50
02/17/2025,B08JTPXKY3,eco friendly bottle,50
02/18/2025,B08JTPXKY3,eco friendly bottle,50
02/19/2025,B08JTPXKY3,eco friendly bottle,50
02/20/2025,B08JTPXKY3,eco friendly bottle,50
02/21/2025,B08JTPXKY3,eco friendly bottle,50
02/22/2025,B08JTPXKY3,eco friendly bottle,50
02/23/2025,B08JTPXKY3,eco friendly bottle,50
02/24/2025,B08JTPXKY3,eco friendly bottle,50
02/25/2025,B08JTPXKY3,eco friendly bottle,50
02/26/2025,B08JTPXKY3,eco friendly bottle,50
02/27/2025,B08JTPXKY3,eco friendly bottle,50
02/28/2025,B08JTPXKY3,eco friendly bottle,50
03/01/2025,B08JTPXKY3,eco friendly bottle,50
03/03/2025,B08JTPXKY3,eco friendly bottle,50
03/04/2025,B08JTPXKY3,eco friendly bottle,50
03/05/2025,B08JTPXKY3,eco friendly bottle,50
03/06/2025,B08JTPXKY3,eco friendly bottle,50
03/07/2025,B08JTPXKY3,eco friendly bottle,50
03/08/2025,B08JTPXKY3,eco friendly bottle,50
03/09/2025,B08JTPXKY3,eco friendly bottle,50
03/09/2025,B08JTPXKY3,eco friendly bottle,49
03/10/2025,B08JTPXKY3,eco friendly bottle,50
03/11/2025,B08JTPXKY3,eco friendly bottle,50
03/12/2025,B08JTPXKY3,eco friendly bottle,50
03/14/2025,B08JTPXKY3,eco friendly bottle,50
03/15/2025,B08JTPXKY3,eco friendly bottle,50
03/16/2025,B08JTPXKY3,eco friendly bottle,50
03/17/2025,B08JTPXKY3,eco friendly bottle,50
03/18/2025,B08JTPXKY3,eco friendly bottle,50
03/19/2025,B08JTPXKY3,eco friendly bottle,50
03/20/2025,B08JTPXKY3,eco friendly bottle,50
03/21/2025,B08JTPXKY3,eco friendly bottle,50
03/22/2025,B08JTPXKY3,eco friendly bottle,50
03/23/2025,B08JTPXKY3,eco friendly bottle,50
03/24/2025,B08JTPXKY3,eco friendly bottle,50
03/26/2025,B08JTPXKY3,eco friendly bottle,50
03/27/2025,B08JTPXKY3,eco friendly bottle,50
03/28/2025,B08JTPXKY3,eco friendly bottle,50
03/29/2025,B08JTPXKY3,eco friendly bottle,50
03/30/2025,B08JTPXKY3,eco friendly bottle,50
03/31/2025,B08JTPXKY3,eco friendly bottle,50
04/01/2025,B08JTPXKY3,eco friendly bottle,50
04/02/2025,B08JTPXKY3,eco friendly bottle,50
04/03/2025,B08JTPXKY3,eco friendly bottle,50
04/04/2025,B08JTPXKY3,eco friendly bottle,50
04/05/2025,B08JTPXKY3,eco friendly bottle,50
04/06/2025,B08JTPXKY3,eco friendly bottle,50
04/07/2025,B08JTPXKY3,eco friendly bottle,50
04/08/2025,B08JTPXKY3,eco friendly bottle,50
04/09/2025,B08JTPXKY3,eco friendly bottle,50
04/10/2025,B08JTPXKY3,eco friendly bottle,50
04/11/2025,B08JTPXKY3,eco friendly bottle,50
04/12/2025,B08JTPXKY3,eco friendly bottle,50
04/13/2025,B08JTPXKY3,eco friendly bottle,50
04/14/2025,B08JTPXKY3,eco friendly bottle,50
04/15/2025,B08JTPXKY3,eco friendly bottle,50
04/16/2025,B08JTPXKY3,eco friendly bottle,50
04/17/2025,B08JTPXKY3,eco friendly bottle,50
04/18/2025,B08JTPXKY3,eco friendly bottle,50
04/19/2025,B08JTPXKY3,eco friendly bottle,50
04/20/2025,B08JTPXKY3,eco friendly bottle,50
04/21/2025,B08JTPXKY3,eco friendly bottle,50
04/22/2025,B08JTPXKY3,eco friendly bottle,50
04/23/2025,B08JTPXKY3,eco friendly bottle,50
04/24/2025,B08JTPXKY3,eco friendly bottle,50
04/25/2025,B08JTPXKY3,eco friendly bottle,50
04/27/2025,B08JTPXKY3,eco friendly bottle,50
04/28/2025,B08JTPXKY3,eco friendly bottle,50
04/29/2025,B08JTPXKY3,eco friendly bottle,50
04/30/2025,B08JTPXKY3,eco friendly bottle,50
05/01/2025,B08JTPXKY3,eco friendly bottle,50
02/01/2025,B09QFZN5RW,premium water bottle,29
02/02/2025,B09QFZN5RW,premium water bottle,33
02/03/2025,B09QFZN5RW,premium water bottle,41
02/04/2025,B09QFZN5RW,premium water bottle,49
02/05/2025,B09QFZN5RW,premium water bottle,50
02/06/2025,B09QFZN5RW,premium water bottle,50
02/07/2025,B09QFZN5RW,premium water bottle,50
02/08/2025,B09QFZN5RW,premium water bottle,50
02/09/2025,B09QFZN5RW,premium water bottle,50
02/10/2025,B09QFZN5RW,premium water bottle,50
02/11/2025,B09QFZN5RW,premium water bottle,50
02/12/2025,B09QFZN5RW,premium water bottle,50
02/13/2025,B09QFZN5RW,premium water bottle,50
02/14/2025,B09QFZN5RW,premium water bottle,50
02/15/2025,B09QFZN5RW,premium water bottle,50
02/17/2025,B09QFZN5RW,premium water bottle,50
02/18/2025,B09QFZN5RW,premium water bottle,50
02/19/2025,B09QFZN5RW,premium water bottle,50
02/20/2025,B09QFZN5RW,premium water bottle,50
02/21/2025,B09QFZN5RW,premium water bottle,50
02/22/2025,B09QFZN5RW,premium water bottle,50
02/23/2025,B09QFZN5RW,premium water bottle,50
02/24/2025,B09QFZN5RW,premium water bottle,50
02/25/2025,B09QFZN5RW,premium water bottle,50
02/26/2025,B09QFZN5RW,premium water bottle,50
02/27/2025,B09QFZN5RW,premium water bottle,50
02/28/2025,B09QFZN5RW,premium water bottle,50
03/01/2025,B09QFZN5RW,premium water bottle,50
03/02/2025,B09QFZN5RW,premium water bottle,50
03/03/2025,B09QFZN5RW,premium water bottle,50
03/04/2025,B09QFZN5RW,premium water bottle,50
03/05/2025,B09QFZN5RW,premium water bottle,50
03/05/2025,B09QFZN5RW,premium water bottle,50
03/06/2025,B09QFZN5RW,premium water bottle,50
03/07/2025,B09QFZN5RW,premium water bottle,50
03/08/2025,B09QFZN5RW,premium water bottle,50
03/09/2025,B09QFZN5RW,premium water bottle,50
03/10/2025,B09QFZN5RW,premium water bottle,50
03/11/2025,B09QFZN5RW,premium water bottle,50
03/12/2025,B09QFZN5RW,premium water bottle,50
03/13/2025,B09QFZN5RW,premium water bottle,50
03/14/2025,B09QFZN5RW,premium water bottle,50
03/15/2025,B09QFZN5RW,premium water bottle,50
03/16/2025,B09QFZN5RW,premium water bottle,50
03/17/2025,B09QFZN5RW,premium water bottle,50
03/18/2025,B09QFZN5RW,premium water bottle,50
03/20/2025,B09QFZN5RW,premium water bottle,50
03/21/2025,B09QFZN5RW,premium water bottle,50
03/22/2025,B09QFZN5RW,premium water bottle,50
03/23/2025,B09QFZN5RW,premium water bottle,50
03/24/2025,B09QFZN5RW,premium water bottle,50
03/25/2025,B09QFZN5RW,premium water bottle,50
03/26/2025,B09QFZN5RW,premium water bottle,50
03/27/2025,B09QFZN5RW,premium water bottle,50
03/28/2025,B09QFZN5RW,premium water bottle,50
03/29/2025,B09QFZN5RW,premium water bottle,50
03/30/2025,B09QFZN5RW,premium water bottle,50
03/31/2025,B09QFZN5RW,premium water bottle,50
03/31/2025,B09QFZN5RW,premium water bottle,50
04/01/2025,B09QFZN5RW,premium water bottle,50
04/02/2025,B09QFZN5RW,premium water bottle,50
04/03/2025,B09QFZN5RW,premium water bottle,50
04/04/2025,B09QFZN5RW,premium water bottle,50
04/05/2025,B09QFZN5RW,premium water bottle,50
04/06/2025,B09QFZN5RW,premium water bottle,50
04/07/2025,B09QFZN5RW,premium water bottle,50
04/08/2025,B09QFZN5RW,premium water bottle,50
04/09/2025,B09QFZN5RW,premium water bottle,50
04/10/2025,B09QFZN5RW,premium water bottle,50
04/11/2025,B09QFZN5RW,premium water bottle,50
04/12/2025,B09QFZN5RW,premium water bottle,50
04/13/2025,B09QFZN5RW,premium water bottle,50
04/14/2025,B09QFZN5RW,premium water bottle,50
04/15/2025,B09QFZN5RW,premium water bottle,50
04/16/2025,B09QFZN5RW,premium water bottle,50
04/17/2025,B09QFZN5RW,premium water bottle,50
04/18/2025,B09QFZN5RW,premium water bottle,50
04/19/2025,B09QFZN5RW,premium water bottle,50
04/20/2025,B09QFZN5RW,premium water bottle,50
04/21/2025,B09QFZN5RW,premium water bottle,50
04/22/2025,B09QFZN5RW,premium water bottle,50
04/23/2025,B09QFZN5RW,premium water bottle,50
04/24/2025,B09QFZN5RW,premium water bottle,50
04/25/2025,B09QFZN5RW,premium water bottle,50
04/26/2025,B09QFZN5RW,premium water bottle,50
04/27/2025,B09QFZN5RW,premium water bottle,50
04/28/2025,B09QFZN5RW,premium water bottle,50
04/30/2025,B09QFZN5RW,premium water bottle,50
05/01/2025,B09QFZN5RW,premium water bottle,50
02/01/2025,B09QFZN5RW,insulated water bottle,15
02/02/2025,B09QFZN5RW,insulated water bottle,13
02/03/2025,B09QFZN5RW,insulated water bottle,11
02/04/2025,B09QFZN5RW,insulated water bottle,10
02/05/2025,B09QFZN5RW,insulated water bottle,8
02/06/2025,B09QFZN5RW,insulated water bottle,8
02/07/2025,B09QFZN5RW,insulated water bottle,7
02/09/2025,B09QFZN5RW,insulated water bottle,5
02/10/2025,B09QFZN5RW,insulated water bottle,4
02/11/2025,B09QFZN5RW,insulated water bottle,4
02/12/2025,B09QFZN5RW,insulated water bottle,3
02/13/2025,B09QFZN5RW,insulated water bottle,3
02/14/2025,B09QFZN5RW,insulated water bottle,3
02/15/2025,B09QFZN5RW,insulated water bottle,2
02/16/2025,B09QFZN5RW,insulated water bottle,2
02/18/2025,B09QFZN5RW,insulated water bottle,1
02/19/2025,B09QFZN5RW,insulated water bottle,1
02/20/2025,B09QFZN5RW,insulated water bottle,1
02/21/2025,B09QFZN5RW,insulated water bottle,1
02/22/2025,B09QFZN5RW,insulated water bottle,1
02/23/2025,B09QFZN5RW,insulated water bottle,1
02/24/2025,B09QFZN5RW,insulated water bottle,1
02/25/2025,B09QFZN5RW,insulated water bottle,1
02/26/2025,B09QFZN5RW,insulated water bottle,1
02/27/2025,B09QFZN5RW,insulated water bottle,1
02/28/2025,B09QFZN5RW,insulated water bottle,1
03/01/2025,B09QFZN5RW,insulated water bottle,1
03/02/2025,B09QFZN5RW,insulated water bottle,1
03/03/2025,B09QFZN5RW,insulated water bottle,1
03/04/2025,B09QFZN5RW,insulated water bottle,1
03/07/2025,B09QFZN5RW,insulated water bottle,1
03/08/2025,B09QFZN5RW,insulated water bottle,1
03/09/2025,B09QFZN5RW,insulated water bottle,1
03/10/2025,B09QFZN5RW,insulated water bottle,1
03/11/2025,B09QFZN5RW,insulated water bottle,1
03/12/2025,B09QFZN5RW,insulated water bottle,1
03/13/2025,B09QFZN5RW,insulated water bottle,1
03/14/2025,B09QFZN5RW,insulated water bottle,1
03/15/2025,B09QFZN5RW,insulated water bottle,1
03/16/2025,B09QFZN5RW,insulated water bottle,1
03/17/2025,B09QFZN5RW,insulated water bottle,1
03/18/2025,B09QFZN5RW,insulated water bottle,1
03/19/2025,B09QFZN5RW,insulated water bottle,1
03/21/2025,B09QFZN5RW,insulated water bottle,1
03/22/2025,B09QFZN5RW,insulated water bottle,1
03/23/2025,B09QFZN5RW,insulated water bottle,1
03/24/2025,B09QFZN5RW,insulated water bottle,1
03/25/2025,B09QFZN5RW,insulated water bottle,1
03/26/2025,B09QFZN5RW,insulated water bottle,1
03/27/2025,B09QFZN5RW,insulated water bottle,1
03/28/2025,B09QFZN5RW,insulated water bottle,1
03/29/2025,B09QFZN5RW,insulated water bottle,1
03/30/2025,B09QFZN5RW,insulated water bottle,1
03/31/2025,B09QFZN5RW,insulated water bottle,1
04/01/2025,B09QFZN5RW,insulated water bottle,1
04/02/2025,B09QFZN5RW,insulated water bottle,1
04/03/2025,B09QFZN5RW,insulated water bottle,1
04/03/2025,B09QFZN5RW,insulated water bottle,1
04/04/2025,B09QFZN5RW,insulated water bottle,1
04/05/2025,B09QFZN5RW,insulated water bottle,1
04/06/2025,B09QFZN5RW,insulated water bottle,1
04/07/2025,B09QFZN5RW,insulated water bottle,1
04/08/2025,B09QFZN5RW,insulated water bottle,1
04/09/2025,B09QFZN5RW,insulated water bottle,1
04/10/2025,B09QFZN5RW,insulated water bottle,1
04/11/2025,B09QFZN5RW,insulated water bottle,1
04/12/2025,B09QFZN5RW,insulated water bottle,1
04/13/2025,B09QFZN5RW,insulated water bottle,1
04/14/2025,B09QFZN5RW,insulated water bottle,1
04/15/2025,B09QFZN5RW,insulated water bottle,1
04/16/2025,B09QFZN5RW,insulated water bottle,1
04/17/2025,B09QFZN5RW,insulated water bottle,1
04/18/2025,B09QFZN5RW,insulated water bottle,1
04/19/2025,B09QFZN5RW,insulated water bottle,1
04/20/2025,B09QFZN5RW,insulated water bottle,1
04/21/2025,B09QFZN5RW,insulated water bottle,1
04/22/2025,B09QFZN5RW,insulated water bottle,1
04/23/2025,B09QFZN5RW,insulated water bottle,1
04/24/2025,B09QFZN5RW,insulated water bottle,1
04/25/2025,B09QFZN5RW,insulated water bottle,1
04/25/2025,B09QFZN5RW,insulated water bottle,1
04/26/2025,B09QFZN5RW,insulated water bottle,1
04/27/2025,B09QFZN5RW,insulated water bottle,1
04/28/2025,B09QFZN5RW,insulated water bottle,1
04/29/2025,B09QFZN5RW,insulated water bottle,1
04/30/2025,B09QFZN5RW,insulated water bottle,1
05/01/2025,B09QFZN5RW,insulated water bottle,1
02/01/2025,B09QFZN5RW,stainless steel bottle,18
02/02/2025,B09QFZN5RW,stainless steel bottle,13
02/03/2025,B09QFZN5RW,stainless steel bottle,8
02/04/2025,B09QFZN5RW,stainless steel bottle,6
02/05/2025,B09QFZN5RW,stainless steel bottle,4
02/06/2025,B09QFZN5RW,stainless steel bottle,3
02/08/2025,B09QFZN5RW,stainless steel bottle,1
02/09/2025,B09QFZN5RW,stainless steel bottle,1
02/11/2025,B09QFZN5RW,stainless steel bottle,1
02/12/2025,B09QFZN5RW,stainless steel bottle,1
02/13/2025,B09QFZN5RW,stainless steel bottle,1
02/14/2025,B09QFZN5RW,stainless steel bottle,1
02/15/2025,B09QFZN5RW,stainless steel bottle,1
02/15/2025,B09QFZN5RW,stainless steel bottle,1
02/16/2025,B09QFZN5RW,stainless steel bottle,1
02/17/2025,B09QFZN5RW,stainless steel bottle,1
02/18/2025,B09QFZN5RW,stainless steel bottle,1
02/19/2025,B09QFZN5RW,stainless steel bottle,1
02/20/2025,B09QFZN5RW,stainless steel bottle,1
02/21/2025,B09QFZN5RW,stainless steel bottle,1
02/22/2025,B09QFZN5RW,stainless steel bottle,1
02/23/2025,B09QFZN5RW,stainless steel bottle,1
02/24/2025,B09QFZN5RW,stainless steel bottle,1
02/25/2025,B09QFZN5RW,stainless steel bottle,1
02/26/2025,B09QFZN5RW,stainless steel bottle,1
02/28/2025,B09QFZN5RW,stainless steel bottle,1
03/01/2025,B09QFZN5RW,stainless steel bottle,1
03/02/2025,B09QFZN5RW,stainless steel bottle,1
03/03/2025,B09QFZN5RW,stainless steel bottle,1
03/04/2025,B09QFZN5RW,stainless steel bottle,1
03/05/2025,B09QFZN5RW,stainless steel bottle,1
03/06/2025,B09QFZN5RW,stainless steel bottle,1
03/07/2025,B09QFZN5RW,stainless steel bottle,1
03/08/2025,B09QFZN5RW,stainless steel bottle,1
03/10/2025,B09QFZN5RW,stainless steel bottle,1
03/11/2025,B09QFZN5RW,stainless steel bottle,1
03/12/2025,B09QFZN5RW,stainless steel bottle,1
03/13/2025,B09QFZN5RW,stainless steel bottle,1
03/14/2025,B09QFZN5RW,stainless steel bottle,1
03/15/2025,B09QFZN5RW,stainless steel bottle,1
03/16/2025,B09QFZN5RW,stainless steel bottle,1
03/17/2025,B09QFZN5RW,stainless steel bottle,1
03/18/2025,B09QFZN5RW,stainless steel bottle,1
03/19/2025,B09QFZN5RW,stainless steel bottle,1
03/20/2025,B09QFZN5RW,stainless steel bottle,1
03/21/2025,B09QFZN5RW,stainless steel bottle,1
03/22/2025,B09QFZN5RW,stainless steel bottle,1
03/23/2025,B09QFZN5RW,stainless steel bottle,1
03/24/2025,B09QFZN5RW,stainless steel bottle,1
03/25/2025,B09QFZN5RW,stainless steel bottle,1
03/26/2025,B09QFZN5RW,stainless steel bottle,1
03/27/2025,B09QFZN5RW,stainless steel bottle,1
03/28/2025,B09QFZN5RW,stainless steel bottle,1
03/29/2025,B09QFZN5RW,stainless steel bottle,1
03/29/2025,B09QFZN5RW,stainless steel bottle,1
03/30/2025,B09QFZN5RW,stainless steel bottle,1
03/31/2025,B09QFZN5RW,stainless steel bottle,1
04/01/2025,B09QFZN5RW,stainless steel bottle,1
04/02/2025,B09QFZN5RW,stainless steel bottle,1
04/03/2025,B09QFZN5RW,stainless steel bottle,1
04/03/2025,B09QFZN5RW,stainless steel bottle,1
04/04/2025,B09QFZN5RW,stainless steel bottle,1
04/05/2025,B09QFZN5RW,stainless steel bottle,1
04/06/2025,B09QFZN5RW,stainless steel bottle,1
04/07/2025,B09QFZN5RW,stainless steel bottle,1
04/08/2025,B09QFZN5RW,stainless steel bottle,1
04/09/2025,B09QFZN5RW,stainless steel bottle,1
04/10/2025,B09QFZN5RW,stainless steel bottle,1
04/11/2025,B09QFZN5RW,stainless steel bottle,1
04/12/2025,B09QFZN5RW,stainless steel bottle,1
04/13/2025,B09QFZN5RW,stainless steel bottle,1
04/14/2025,B09QFZN5RW,stainless steel bottle,1
04/15/2025,B09QFZN5RW,stainless steel bottle,1
04/16/2025,B09QFZN5RW,stainless steel bottle,1
04/17/2025,B09QFZN5RW,stainless steel bottle,1
04/18/2025,B09QFZN5RW,stainless steel bottle,1
04/18/2025,B09QFZN5RW,stainless steel bottle,1
04/19/2025,B09QFZN5RW,stainless steel bottle,1
04/20/2025,B09QFZN5RW,stainless steel bottle,1
04/21/2025,B09QFZN5RW,stainless steel bottle,1
04/22/2025,B09QFZN5RW,stainless steel bottle,1
04/23/2025,B09QFZN5RW,stainless steel bottle,1
04/24/2025,B09QFZN5RW,stainless steel bottle,1
04/25/2025,B09QFZN5RW,stainless steel bottle,1
04/26/2025,B09QFZN5RW,stainless steel bottle,1
04/27/2025,B09QFZN5RW,stainless steel bottle,1
04/28/2025,B09QFZN5RW,stainless steel bottle,1
04/29/2025,B09QFZN5RW,stainless steel bottle,1
05/01/2025,B09QFZN5RW,stainless steel bottle,1
02/01/2025,B09QFZN5RW,eco friendly bottle,34
02/02/2025,B09QFZN5RW,eco friendly bottle,41
02/03/2025,B09QFZN5RW,eco friendly bottle,44
02/04/2025,B09QFZN5RW,eco friendly bottle,48
02/05/2025,B09QFZN5RW,eco friendly bottle,50
02/06/2025,B09QFZN5RW,eco friendly bottle,50
02/07/2025,B09QFZN5RW,eco friendly bottle,50
02/08/2025,B09QFZN5RW,eco friendly bottle,50
02/09/2025,B09QFZN5RW,eco friendly bottle,50
02/10/2025,B09QFZN5RW,eco friendly bottle,50
02/11/2025,B09QFZN5RW,eco friendly bottle,50
02/12/2025,B09QFZN5RW,eco friendly bottle,50
02/13/2025,B09QFZN5RW,eco friendly bottle,50
02/14/2025,B09QFZN5RW,eco friendly bottle,50
02/14/2025,B09QFZN5RW,eco friendly bottle,50
02/15/2025,B09QFZN5RW,eco friendly bottle,50
02/16/2025,B09QFZN5RW,eco friendly bottle,50
02/17/2025,B09QFZN5RW,eco friendly bottle,50
02/18/2025,B09QFZN5RW,eco friendly bottle,50
02/19/2025,B09QFZN5RW,eco friendly bottle,50
02/21/2025,B09QFZN5RW,eco friendly bottle,50
02/22/2025,B09QFZN5RW,eco friendly bottle,50
02/23/2025,B09QFZN5RW,eco friendly bottle,50
02/24/2025,B09QFZN5RW,eco friendly bottle,50
02/25/2025,B09QFZN5RW,eco friendly bottle,50
02/27/2025,B09QFZN5RW,eco friendly bottle,50
02/28/2025,B09QFZN5RW,eco friendly bottle,50
03/01/2025,B09QFZN5RW,eco friendly bottle,50
03/02/2025,B09QFZN5RW,eco friendly bottle,50
03/04/2025,B09QFZN5RW,eco friendly bottle,50
03/05/2025,B09QFZN5RW,eco friendly bottle,50
03/06/2025,B09QFZN5RW,eco friendly bottle,50
03/07/2025,B09QFZN5RW,eco friendly bottle,50
03/08/2025,B09QFZN5RW,eco friendly bottle,50
03/09/2025,B09QFZN5RW,eco friendly bottle,50
03/10/2025,B09QFZN5RW,eco friendly bottle,50
03/11/2025,B09QFZN5RW,eco friendly bottle,50
03/12/2025,B09QFZN5RW,eco friendly bottle,50
03/13/2025,B09QFZN5RW,eco friendly bottle,50
03/14/2025,B09QFZN5RW,eco friendly bottle,50
03/15/2025,B09QFZN5RW,eco friendly bottle,50
03/16/2025,B09QFZN5RW,eco friendly bottle,50
03/17/2025,B09QFZN5RW,eco friendly bottle,50
03/18/2025,B09QFZN5RW,eco friendly bottle,50
03/19/2025,B09QFZN5RW,eco friendly bottle,50
03/20/2025,B09QFZN5RW,eco friendly bottle,50
03/21/2025,B09QFZN5RW,eco friendly bottle,50
03/22/2025,B09QFZN5RW,eco friendly bottle,50
03/23/2025,B09QFZN5RW,eco friendly bottle,50
03/24/2025,B09QFZN5RW,eco friendly bottle,50
03/25/2025,B09QFZN5RW,eco friendly bottle,50
03/26/2025,B09QFZN5RW,eco friendly bottle,50
03/26/2025,B09QFZN5RW,eco friendly bottle,49
03/27/2025,B09QFZN5RW,eco friendly bottle,50
03/28/2025,B09QFZN5RW,eco friendly bottle,50
03/29/2025,B09QFZN5RW,eco friendly bottle,50
03/30/2025,B09QFZN5RW,eco friendly bottle,50
03/31/2025,B09QFZN5RW,eco friendly bottle,50
04/02/2025,B09QFZN5RW,eco friendly bottle,50
04/03/2025,B09QFZN5RW,eco friendly bottle,50
04/04/2025,B09QFZN5RW,eco friendly bottle,50
04/05/2025,B09QFZN5RW,eco friendly bottle,50
04/06/2025,B09QFZN5RW,eco friendly bottle,50
04/07/2025,B09QFZN5RW,eco friendly bottle,50
04/08/2025,B09QFZN5RW,eco friendly bottle,50
04/09/2025,B09QFZN5RW,eco friendly bottle,50
04/10/2025,B09QFZN5RW,eco friendly bottle,50
04/11/2025,B09QFZN5RW,eco friendly bottle,50
04/12/2025,B09QFZN5RW,eco friendly bottle,50
04/13/2025,B09QFZN5RW,eco friendly bottle,50
04/14/2025,B09QFZN5RW,eco friendly bottle,50
04/15/2025,B09QFZN5RW,eco friendly bottle,50
04/16/2025,B09QFZN5RW,eco friendly bottle,50
04/17/2025,B09QFZN5RW,eco friendly bottle,50
04/18/2025,B09QFZN5RW,eco friendly bottle,50
04/19/2025,B09QFZN5RW,eco friendly bottle,50
04/20/2025,B09QFZN5RW,eco friendly bottle,50
04/21/2025,B09QFZN5RW,eco friendly bottle,50
04/22/2025,B09QFZN5RW,eco friendly bottle,50
04/23/2025,B09QFZN5RW,eco friendly bottle,50
04/24/2025,B09QFZN5RW,eco friendly bottle,50
04/24/2025,B09QFZN5RW,eco friendly bottle,50
04/25/2025,B09QFZN5RW,eco friendly bottle,50
04/26/2025,B09QFZN5RW,eco friendly bottle,50
04/27/2025,B09QFZN5RW,eco friendly bottle,50
04/28/2025,B09QFZN5RW,eco friendly bottle,50
04/29/2025,B09QFZN5RW,eco friendly bottle,50
04/30/2025,B09QFZN5RW,eco friendly bottle,50
05/01/2025,B09QFZN5RW,eco friendly bottle,50
02/01/2025,B07DKZCM8P,premium water bottle,22
02/02/2025,B07DKZCM8P,premium water bottle,14
02/03/2025,B07DKZCM8P,premium water bottle,10
02/04/2025,B07DKZCM8P,premium water bottle,7
02/05/2025,B07DKZCM8P,premium water bottle,5
02/06/2025,B07DKZCM8P,premium water bottle,3
02/07/2025,B07DKZCM8P,premium water bottle,2
02/08/2025,B07DKZCM8P,premium water bottle,1
02/09/2025,B07DKZCM8P,premium water bottle,1
02/10/2025,B07DKZCM8P,premium water bottle,1
02/11/2025,B07DKZCM8P,premium water bottle,1
02/12/2025,B07DKZCM8P,premium water bottle,1
02/13/2025,B07DKZCM8P,premium water bottle,1
02/14/2025,B07DKZCM8P,premium water bottle,1
02/15/2025,B07DKZCM8P,premium water bottle,1
02/16/2025,B07DKZCM8P,premium water bottle,1
02/17/2025,B07DKZCM8P,premium water bottle,1
02/18/2025,B07DKZCM8P,premium water bottle,1
02/19/2025,B07DKZCM8P,premium water bottle,1
02/20/2025,B07DKZCM8P,premium water bottle,1
02/21/2025,B07DKZCM8P,premium water bottle,1
02/22/2025,B07DKZCM8P,premium water bottle,1
02/23/2025,B07DKZCM8P,premium water bottle,1
02/24/2025,B07DKZCM8P,premium water bottle,1
02/25/2025,B07DKZCM8P,premium water bottle,1
02/27/2025,B07DKZCM8P,premium water bottle,1
02/28/2025,B07DKZCM8P,premium water bottle,1
03/01/2025,B07DKZCM8P,premium water bottle,1
03/02/2025,B07DKZCM8P,premium water bottle,1
03/03/2025,B07DKZCM8P,premium water bottle,1
03/04/2025,B07DKZCM8P,premium water bottle,1
03/06/2025,B07DKZCM8P,premium water bottle,1
03/07/2025,B07DKZCM8P,premium water bottle,1
03/08/2025,B07DKZCM8P,premium water bottle,1
03/09/2025,B07DKZCM8P,premium water bottle,1
03/10/2025,B07DKZCM8P,premium water bottle,1
03/11/2025,B07DKZCM8P,premium water bottle,1
03/12/2025,B07DKZCM8P,premium water bottle,1
03/13/2025,B07DKZCM8P,premium water bottle,1
03/14/2025,B07DKZCM8P,premium water bottle,1
03/15/2025,B07DKZCM8P,premium water bottle,1
03/16/2025,B07DKZCM8P,premium water bottle,1
03/17/2025,B07DKZCM8P,premium water bottle,1
03/18/2025,B07DKZCM8P,premium water bottle,1
03/19/2025,B07DKZCM8P,premium water bottle,1
03/20/2025,B07DKZCM8P,premium water bottle,1
03/21/2025,B07DKZCM8P,premium water bottle,1
03/22/2025,B07DKZCM8P,premium water bottle,1
03/23/2025,B07DKZCM8P,premium water bottle,1
03/24/2025,B07DKZCM8P,premium water bottle,1
03/24/2025,B07DKZCM8P,premium water bottle,1
03/25/2025,B07DKZCM8P,premium water bottle,1
03/25/2025,B07DKZCM8P,premium water bottle,1
03/26/2025,B07DKZCM8P,premium water bottle,1
03/27/2025,B07DKZCM8P,premium water bottle,1
03/28/2025,B07DKZCM8P,premium water bottle,1
03/29/2025,B07DKZCM8P,premium water bottle,1
03/30/2025,B07DKZCM8P,premium water bottle,1
03/31/2025,B07DKZCM8P,premium water bottle,1
04/01/2025,B07DKZCM8P,premium water bottle,1
04/02/2025,B07DKZCM8P,premium water bottle,1
04/03/2025,B07DKZCM8P,premium water bottle,1
04/04/2025,B07DKZCM8P,premium water bottle,1
04/05/2025,B07DKZCM8P,premium water bottle,1
04/06/2025,B07DKZCM8P,premium water bottle,1
04/08/2025,B07DKZCM8P,premium water bottle,1
04/09/2025,B07DKZCM8P,premium water bottle,1
04/10/2025,B07DKZCM8P,premium water bottle,1
04/11/2025,B07DKZCM8P,premium water bottle,1
04/12/2025,B07DKZCM8P,premium water bottle,1
04/13/2025,B07DKZCM8P,premium water bottle,1
04/14/2025,B07DKZCM8P,premium water bottle,1
04/15/2025,B07DKZCM8P,premium water bottle,1
04/16/2025,B07DKZCM8P,premium water bottle,1
04/17/2025,B07DKZCM8P,premium water bottle,1
04/18/2025,B07DKZCM8P,premium water bottle,1
04/19/2025,B07DKZCM8P,premium water bottle,1
04/20/2025,B07DKZCM8P,premium water bottle,1
04/21/2025,B07DKZCM8P,premium water bottle,1
04/22/2025,B07DKZCM8P,premium water bottle,1
04/23/2025,B07DKZCM8P,premium water bottle,1
04/24/2025,B07DKZCM8P,premium water bottle,1
04/25/2025,B07DKZCM8P,premium water bottle,1
04/26/2025,B07DKZCM8P,premium water bottle,1
04/27/2025,B07DKZCM8P,premium water bottle,1
04/28/2025,B07DKZCM8P,premium water bottle,1
04/29/2025,B07DKZCM8P,premium water bottle,1
04/29/2025,B07DKZCM8P,premium water bottle,1
04/30/2025,B07DKZCM8P,premium water bottle,1
05/01/2025,B07DKZCM8P,premium water bottle,1
02/01/2025,B07DKZCM8P,insulated water bottle,13
02/02/2025,B07DKZCM8P,insulated water bottle,11
02/03/2025,B07DKZCM8P,insulated water bottle,10
02/04/2025,B07DKZCM8P,insulated water bottle,8
02/05/2025,B07DKZCM8P,insulated water bottle,7
02/06/2025,B07DKZCM8P,insulated water bottle,6
02/07/2025,B07DKZCM8P,insulated water bottle,5
02/08/2025,B07DKZCM8P,insulated water bottle,4
02/09/2025,B07DKZCM8P,insulated water bottle,3
02/09/2025,B07DKZCM8P,insulated water bottle,2
02/10/2025,B07DKZCM8P,insulated water bottle,3
02/11/2025,B07DKZCM8P,insulated water bottle,2
02/12/2025,B07DKZCM8P,insulated water bottle,2
02/13/2025,B07DKZCM8P,insulated water bottle,2
02/14/2025,B07DKZCM8P,insulated water bottle,1
02/15/2025,B07DKZCM8P,insulated water bottle,1
02/16/2025,B07DKZCM8P,insulated water bottle,1
02/17/2025,B07DKZCM8P,insulated water bottle,1
02/18/2025,B07DKZCM8P,insulated water bottle,1
02/19/2025,B07DKZCM8P,insulated water bottle,1
02/20/2025,B07DKZCM8P,insulated water bottle,1
02/21/2025,B07DKZCM8P,insulated water bottle,1
02/22/2025,B07DKZCM8P,insulated water bottle,1
02/23/2025,B07DKZCM8P,insulated water bottle,1
02/24/2025,B07DKZCM8P,insulated water bottle,1
02/25/2025,B07DKZCM8P,insulated water bottle,1
02/26/2025,B07DKZCM8P,insulated water bottle,1
02/27/2025,B07DKZCM8P,insulated water bottle,1
02/28/2025,B07DKZCM8P,insulated water bottle,1
03/01/2025,B07DKZCM8P,insulated water bottle,1
03/02/2025,B07DKZCM8P,insulated water bottle,1
03/03/2025,B07DKZCM8P,insulated water bottle,1
03/06/2025,B07DKZCM8P,insulated water bottle,1
03/07/2025,B07DKZCM8P,insulated water bottle,1
03/08/2025,B07DKZCM8P,insulated water bottle,1
03/09/2025,B07DKZCM8P,insulated water bottle,1
03/10/2025,B07DKZCM8P,insulated water bottle,1
03/11/2025,B07DKZCM8P,insulated water bottle,1
03/12/2025,B07DKZCM8P,insulated water bottle,1
03/13/2025,B07DKZCM8P,insulated water bottle,1
03/14/2025,B07DKZCM8P,insulated water bottle,1
03/15/2025,B07DKZCM8P,insulated water bottle,1
03/16/2025,B07DKZCM8P,insulated water bottle,1
03/17/2025,B07DKZCM8P,insulated water bottle,1
03/18/2025,B07DKZCM8P,insulated water bottle,1
03/18/2025,B07DKZCM8P,insulated water bottle,1
03/19/2025,B07DKZCM8P,insulated water bottle,1
03/20/2025,B07DKZCM8P,insulated water bottle,1
03/21/2025,B07DKZCM8P,insulated water bottle,1
03/23/2025,B07DKZCM8P,insulated water bottle,1
03/24/2025,B07DKZCM8P,insulated water bottle,1
03/25/2025,B07DKZCM8P,insulated water bottle,1
03/26/2025,B07DKZCM8P,insulated water bottle,1
03/27/2025,B07DKZCM8P,insulated water bottle,1
03/28/2025,B07DKZCM8P,insulated water bottle,1
03/29/2025,B07DKZCM8P,insulated water bottle,1
03/30/2025,B07DKZCM8P,insulated water bottle,1
03/31/2025,B07DKZCM8P,insulated water bottle,1
04/01/2025,B07DKZCM8P,insulated water bottle,1
04/02/2025,B07DKZCM8P,insulated water bottle,1
04/03/2025,B07DKZCM8P,insulated water bottle,1
04/04/2025,B07DKZCM8P,insulated water bottle,1
04/05/2025,B07DKZCM8P,insulated water bottle,1
04/06/2025,B07DKZCM8P,insulated water bottle,1
04/07/2025,B07DKZCM8P,insulated water bottle,1
04/08/2025,B07DKZCM8P,insulated water bottle,1
04/09/2025,B07DKZCM8P,insulated water bottle,1
04/11/2025,B07DKZCM8P,insulated water bottle,1
04/12/2025,B07DKZCM8P,insulated water bottle,1
04/13/2025,B07DKZCM8P,insulated water bottle,1
04/14/2025,B07DKZCM8P,insulated water bottle,1
04/15/2025,B07DKZCM8P,insulated water bottle,1
04/16/2025,B07DKZCM8P,insulated water bottle,1
04/17/2025,B07DKZCM8P,insulated water bottle,1
04/18/2025,B07DKZCM8P,insulated water bottle,1
04/19/2025,B07DKZCM8P,insulated water bottle,1
04/20/2025,B07DKZCM8P,insulated water bottle,1
04/21/2025,B07DKZCM8P,insulated water bottle,1
04/22/2025,B07DKZCM8P,insulated water bottle,1
04/23/2025,B07DKZCM8P,insulated water bottle,1
04/24/2025,B07DKZCM8P,insulated water bottle,1
04/25/2025,B07DKZCM8P,insulated water bottle,1
04/27/2025,B07DKZCM8P,insulated water bottle,1
04/28/2025,B07DKZCM8P,insulated water bottle,1
04/29/2025,B07DKZCM8P,insulated water bottle,1
04/30/2025,B07DKZCM8P,insulated water bottle,1
05/01/2025,B07DKZCM8P,insulated water bottle,1
02/01/2025,B07DKZCM8P,stainless steel bottle,44
02/02/2025,B07DKZCM8P,stainless steel bottle,50
02/03/2025,B07DKZCM8P,stainless steel bottle,50
02/04/2025,B07DKZCM8P,stainless steel bottle,50
02/05/2025,B07DKZCM8P,stainless steel bottle,50
02/06/2025,B07DKZCM8P,stainless steel bottle,50
02/07/2025,B07DKZCM8P,stainless steel bottle,50
02/08/2025,B07DKZCM8P,stainless steel bottle,50
02/09/2025,B07DKZCM8P,stainless steel bottle,50
02/10/2025,B07DKZCM8P,stainless steel bottle,50
02/11/2025,B07DKZCM8P,stainless steel bottle,50
02/12/2025,B07DKZCM8P,stainless steel bottle,50
02/13/2025,B07DKZCM8P,stainless steel bottle,50
02/14/2025,B07DKZCM8P,stainless steel bottle,50
02/15/2025,B07DKZCM8P,stainless steel bottle,50
02/16/2025,B07DKZCM8P,stainless steel bottle,50
02/17/2025,B07DKZCM8P,stainless steel bottle,50
02/18/2025,B07DKZCM8P,stainless steel bottle,50
02/19/2025,B07DKZCM8P,stainless steel bottle,50
02/20/2025,B07DKZCM8P,stainless steel bottle,50
02/21/2025,B07DKZCM8P,stainless steel bottle,50
02/22/2025,B07DKZCM8P,stainless steel bottle,50
02/23/2025,B07DKZCM8P,stainless steel bottle,50
02/24/2025,B07DKZCM8P,stainless steel bottle,50
02/25/2025,B07DKZCM8P,stainless steel bottle,50
02/26/2025,B07DKZCM8P,stainless steel bottle,50
02/27/2025,B07DKZCM8P,stainless steel bottle,50
02/28/2025,B07DKZCM8P,stainless steel bottle,50
03/01/2025,B07DKZCM8P,stainless steel bottle,50
03/02/2025,B07DKZCM8P,stainless steel bottle,50
03/03/2025,B07DKZCM8P,stainless steel bottle,50
03/04/2025,B07DKZCM8P,stainless steel bottle,50
03/05/2025,B07DKZCM8P,stainless steel bottle,50
03/06/2025,B07DKZCM8P,stainless steel bottle,50
03/07/2025,B07DKZCM8P,stainless steel bottle,50
03/08/2025,B07DKZCM8P,stainless steel bottle,50
03/09/2025,B07DKZCM8P,stainless steel bottle,50
03/10/2025,B07DKZCM8P,stainless steel bottle,50
03/11/2025,B07DKZCM8P,stainless steel bottle,50
03/12/2025,B07DKZCM8P,stainless steel bottle,50
03/13/2025,B07DKZCM8P,stainless steel bottle,50
03/14/2025,B07DKZCM8P,stainless steel bottle,50
03/15/2025,B07DKZCM8P,stainless steel bottle,50
03/16/2025,B07DKZCM8P,stainless steel bottle,50
03/17/2025,B07DKZCM8P,stainless steel bottle,50
03/18/2025,B07DKZCM8P,stainless steel bottle,50
03/19/2025,B07DKZCM8P,stainless steel bottle,50
03/20/2025,B07DKZCM8P,stainless steel bottle,50
03/20/2025,B07DKZCM8P,stainless steel bottle,50
03/21/2025,B07DKZCM8P,stainless steel bottle,50
03/22/2025,B07DKZCM8P,stainless steel bottle,50
03/24/2025,B07DKZCM8P,stainless steel bottle,50
03/25/2025,B07DKZCM8P,stainless steel bottle,50
03/26/2025,B07DKZCM8P,stainless steel bottle,50
03/27/2025,B07DKZCM8P,stainless steel bottle,50
03/28/2025,B07DKZCM8P,stainless steel bottle,50
03/29/2025,B07DKZCM8P,stainless steel bottle,50
03/30/2025,B07DKZCM8P,stainless steel bottle,50
04/01/2025,B07DKZCM8P,stainless steel bottle,50
04/02/2025,B07DKZCM8P,stainless steel bottle,50
04/03/2025,B07DKZCM8P,stainless steel bottle,50
04/04/2025,B07DKZCM8P,stainless steel bottle,50
04/05/2025,B07DKZCM8P,stainless steel bottle,50
04/07/2025,B07DKZCM8P,stainless steel bottle,50
04/08/2025,B07DKZCM8P,stainless steel bottle,50
04/09/2025,B07DKZCM8P,stainless steel bottle,50
04/10/2025,B07DKZCM8P,stainless steel bottle,50
04/11/2025,B07DKZCM8P,stainless steel bottle,50
04/12/2025,B07DKZCM8P,stainless steel bottle,50
04/13/2025,B07DKZCM8P,stainless steel bottle,50
04/14/2025,B07DKZCM8P,stainless steel bottle,50
04/15/2025,B07DKZCM8P,stainless steel bottle,50
04/16/2025,B07DKZCM8P,stainless steel bottle,50
04/17/2025,B07DKZCM8P,stainless steel bottle,50
04/18/2025,B07DKZCM8P,stainless steel bottle,50
04/19/2025,B07DKZCM8P,stainless steel bottle,50
04/20/2025,B07DKZCM8P,stainless steel bottle,50
04/22/2025,B07DKZCM8P,stainless steel bottle,50
04/23/2025,B07DKZCM8P,stainless steel bottle,50
04/24/2025,B07DKZCM8P,stainless steel bottle,50
04/25/2025,B07DKZCM8P,stainless steel bottle,50
04/26/2025,B07DKZCM8P,stainless steel bottle,50
04/28/2025,B07DKZCM8P,stainless steel bottle,50
04/28/2025,B07DKZCM8P,stainless steel bottle,49
04/29/2025,B07DKZCM8P,stainless steel bottle,50
04/30/2025,B07DKZCM8P,stainless steel bottle,50
05/01/2025,B07DKZCM8P,stainless steel bottle,50
02/01/2025,B07DKZCM8P,eco friendly bottle,11
02/02/2025,B07DKZCM8P,eco friendly bottle,13
02/03/2025,B07DKZCM8P,eco friendly bottle,15
02/04/2025,B07DKZCM8P,eco friendly bottle,17
02/05/2025,B07DKZCM8P,eco friendly bottle,21
02/06/2025,B07DKZCM8P,eco friendly bottle,23
02/07/2025,B07DKZCM8P,eco friendly bottle,30
02/08/2025,B07DKZCM8P,eco friendly bottle,34
02/09/2025,B07DKZCM8P,eco friendly bottle,38
02/09/2025,B07DKZCM8P,eco friendly bottle,38
02/10/2025,B07DKZCM8P,eco friendly bottle,49
02/11/2025,B07DKZCM8P,eco friendly bottle,50
02/12/2025,B07DKZCM8P,eco friendly bottle,50
02/13/2025,B07DKZCM8P,eco friendly bottle,50
02/14/2025,B07DKZCM8P,eco friendly bottle,50
02/15/2025,B07DKZCM8P,eco friendly bottle,50
02/16/2025,B07DKZCM8P,eco friendly bottle,50
02/17/2025,B07DKZCM8P,eco friendly bottle,50
02/18/2025,B07DKZCM8P,eco friendly bottle,50
02/19/2025,B07DKZCM8P,eco friendly bottle,50
02/20/2025,B07DKZCM8P,eco friendly bottle,50
02/21/2025,B07DKZCM8P,eco friendly bottle,50
02/22/2025,B07DKZCM8P,eco friendly bottle,50
02/23/2025,B07DKZCM8P,eco friendly bottle,50
02/25/2025,B07DKZCM8P,eco friendly bottle,50
02/26/2025,B07DKZCM8P,eco friendly bottle,50
02/27/2025,B07DKZCM8P,eco friendly bottle,50
02/28/2025,B07DKZCM8P,eco friendly bottle,50
03/01/2025,B07DKZCM8P,eco friendly bottle,50
03/02/2025,B07DKZCM8P,eco friendly bottle,50
03/03/2025,B07DKZCM8P,eco friendly bottle,50
03/04/2025,B07DKZCM8P,eco friendly bottle,50
03/05/2025,B07DKZCM8P,eco friendly bottle,50
03/07/2025,B07DKZCM8P,eco friendly bottle,50
03/08/2025,B07DKZCM8P,eco friendly bottle,50
03/09/2025,B07DKZCM8P,eco friendly bottle,50
03/10/2025,B07DKZCM8P,eco friendly bottle,50
03/11/2025,B07DKZCM8P,eco friendly bottle,50
03/12/2025,B07DKZCM8P,eco friendly bottle,50
03/13/2025,B07DKZCM8P,eco friendly bottle,50
03/14/2025,B07DKZCM8P,eco friendly bottle,50
03/15/2025,B07DKZCM8P,eco friendly bottle,50
03/16/2025,B07DKZCM8P,eco friendly bottle,50
03/17/2025,B07DKZCM8P,eco friendly bottle,50
03/18/2025,B07DKZCM8P,eco friendly bottle,50
03/19/2025,B07DKZCM8P,eco friendly bottle,50
03/20/2025,B07DKZCM8P,eco friendly bottle,50
03/21/2025,B07DKZCM8P,eco friendly bottle,50
03/22/2025,B07DKZCM8P,eco friendly bottle,50
03/23/2025,B07DKZCM8P,eco friendly bottle,50
03/24/2025,B07DKZCM8P,eco friendly bottle,50
03/25/2025,B07DKZCM8P,eco friendly bottle,50
03/26/2025,B07DKZCM8P,eco friendly bottle,50
03/27/2025,B07DKZCM8P,eco friendly bottle,50
03/28/2025,B07DKZCM8P,eco friendly bottle,50
03/29/2025,B07DKZCM8P,eco friendly bottle,50
03/30/2025,B07DKZCM8P,eco friendly bottle,50
03/31/2025,B07DKZCM8P,eco friendly bottle,50
04/01/2025,B07DKZCM8P,eco friendly bottle,50
04/02/2025,B07DKZCM8P,eco friendly bottle,50
04/03/2025,B07DKZCM8P,eco friendly bottle,50
04/04/2025,B07DKZCM8P,eco friendly bottle,50
04/05/2025,B07DKZCM8P,eco friendly bottle,50
04/05/2025,B07DKZCM8P,eco friendly bottle,49
04/06/2025,B07DKZCM8P,eco friendly bottle,50
04/07/2025,B07DKZCM8P,eco friendly bottle,50
04/08/2025,B07DKZCM8P,eco friendly bottle,50
04/09/2025,B07DKZCM8P,eco friendly bottle,50
04/10/2025,B07DKZCM8P,eco friendly bottle,50
04/11/2025,B07DKZCM8P,eco friendly bottle,50
04/12/2025,B07DKZCM8P,eco friendly bottle,50
04/14/2025,B07DKZCM8P,eco friendly bottle,50
04/15/2025,B07DKZCM8P,eco friendly bottle,50
04/16/2025,B07DKZCM8P,eco friendly bottle,50
04/17/2025,B07DKZCM8P,eco friendly bottle,50
04/18/2025,B07DKZCM8P,eco friendly bottle,50
04/19/2025,B07DKZCM8P,eco friendly bottle,50
04/20/2025,B07DKZCM8P,eco friendly bottle,50
04/21/2025,B07DKZCM8P,eco friendly bottle,50
04/22/2025,B07DKZCM8P,eco friendly bottle,50
04/23/2025,B07DKZCM8P,eco friendly bottle,50
04/24/2025,B07DKZCM8P,eco friendly bottle,50
04/25/2025,B07DKZCM8P,eco friendly bottle,50
04/26/2025,B07DKZCM8P,eco friendly bottle,50
04/27/2025,B07DKZCM8P,eco friendly bottle,50
04/28/2025,B07DKZCM8P,eco friendly bottle,50
04/29/2025,B07DKZCM8P,eco friendly bottle,50
04/30/2025,B07DKZCM8P,eco friendly bottle,50
05/01/2025,B07DKZCM8P,eco friendly bottle,50
